Marca temporal,ID USUARIO,Modalidad,Experiencia Immersiva,Chroma Friendly,Sexo,Edad,Experiencia previa con VR,¿Cómo de natural ha sido su interacción con el juego? [Respuesta],¿Cómo de convincente fue su sentido de los objetos moviéndose a través del espacio? [Respuesta],¿En qué medida sus experiencias en el juego parecen consistentes con sus experiencias del mundo real? [Respuesta],¿Pudo manipular los objetos del juego? [Respuesta],¿Cómo de rápido se adaptó al entorno del juego? [Respuesta],¿Cómo de competente se sintió en su movimiento e interacción con el juego al final del mismo? [Respuesta],¿Fue capaz de concentrarse en las tareas del juego más que en los mecanismos usados para realizarlas? [Respuesta],"Por favor indique la calidad con la que percibió los siguientes elementos del juego [El entorno (volcán, etc)]",Por favor indique la calidad con la que percibió los siguientes elementos del juego [Los objetos],Por favor indique la calidad con la que percibió los siguientes elementos del juego [A sí mismo/a (tu cuerpo en general)],Por favor indique la calidad con la que percibió los siguientes elementos del juego [Tus brazos],Por favor indique la calidad con la que percibió los siguientes elementos del juego [Tus piernas],Indica cuanto de molesto han sido los falsos positivos (partes de la escena real más allá del cuerpo que se segmentan de manera equivocada),¿Ha experimentado mareo o malestar durante la experiencia? [Respuesta],"En el juego ha visto su propio cuerpo (manos, piernas, etc.) dentro del entorno virtual, como si fuera un ""avatar"". Indique el grado de acuerdo con las siguientes afirmaciones. [Me parecía que el avatar era mi propio cuerpo]","En el juego ha visto su propio cuerpo (manos, piernas, etc.) dentro del entorno virtual, como si fuera un ""avatar"". Indique el grado de acuerdo con las siguientes afirmaciones. [Me parecía que el avatar era de otra persona]","En el juego ha visto su propio cuerpo (manos, piernas, etc.) dentro del entorno virtual, como si fuera un ""avatar"". Indique el grado de acuerdo con las siguientes afirmaciones. [Me parecía que tenía más de un cuerpo]","En el juego ha visto su propio cuerpo (manos, piernas, etc.) dentro del entorno virtual, como si fuera un ""avatar"". Indique el grado de acuerdo con las siguientes afirmaciones. [Me parecía que podía controlar el avatar como si fuera mi propio cuerpo]","En el juego ha visto su propio cuerpo (manos, piernas, etc.) dentro del entorno virtual, como si fuera un ""avatar"". Indique el grado de acuerdo con las siguientes afirmaciones. [Los movimientos del avatar estaban causados por mis movimientos]","En el juego ha visto su propio cuerpo (manos, piernas, etc.) dentro del entorno virtual, como si fuera un ""avatar"". Indique el grado de acuerdo con las siguientes afirmaciones. [Los movimientos del avatar influían mis propios movimientos]","En el juego ha visto su propio cuerpo (manos, piernas, etc.) dentro del entorno virtual, como si fuera un ""avatar"". Indique el grado de acuerdo con las siguientes afirmaciones. [Me parecía que el avatar se movía por sí mismo]","En el juego ha visto su propio cuerpo (manos, piernas, etc.) dentro del entorno virtual, como si fuera un ""avatar"". Indique el grado de acuerdo con las siguientes afirmaciones. [Me parecía que el avatar estaba en el mismo sitio que mi cuerpo real]","En el juego ha visto su propio cuerpo (manos, piernas, etc.) dentro del entorno virtual, como si fuera un ""avatar"". Indique el grado de acuerdo con las siguientes afirmaciones. [Sentía como si mi cuerpo real se convirtiera en un avatar]","En el juego ha visto su propio cuerpo (manos, piernas, etc.) dentro del entorno virtual, como si fuera un ""avatar"". Indique el grado de acuerdo con las siguientes afirmaciones. [En un cierto punto, sentía que el avatar se parecía a mi propio cuerpo, en términos de forma, tono de piel u otros rasgos visuales.]","En el juego ha visto su propio cuerpo (manos, piernas, etc.) dentro del entorno virtual, como si fuera un ""avatar"". Indique el grado de acuerdo con las siguientes afirmaciones. [Me sentí como si llevara una ropa diferente a la de cuando llegué al laboratorio]","En el juego ha visto su propio cuerpo (manos, piernas, etc.) dentro del entorno virtual, como si fuera un ""avatar"". Indique el grado de acuerdo con las siguientes afirmaciones. [Tenía la sensación de que me si me caía del puente me iba a hacer daño]",Tiempo Intermedio 1,Tiempo Intermedio 2,Tiempo Final,¿Cómo valoraría la experiencia globalmente? [Respuesta],¿Has necesitado ayuda para caminar?,¿Cómo de probable es que recomiende esta experiencia a un amigo o compañero?,¿Por qué?,¿Estaría dispuesto a pagar por jugar a VULCANO?,¿Desea hacer algún otro comentario?,Comentario por parte del Instructor
16/03/2022 10:54:01,01,A (VR - DL),VR,0,Mujer,18,Ninguna,6,7. Muy convincente,4. Moderadamente consistentes,5,7. En menos de un minuto,7. Muy competente,7. Completamente,Buena,Excelente,Excelente,Aceptable,Aceptable,No perceptibles,Sin problemas,1. Totalmente en desacuerdo,1. Totalmente en desacuerdo,1. Totalmente en desacuerdo,1. Totalmente en desacuerdo,1. Totalmente en desacuerdo,1. Totalmente en desacuerdo,1. Totalmente en desacuerdo,6.,2.,1. Totalmente en desacuerdo,1. Totalmente en desacuerdo,1. Totalmente en desacuerdo,0:03:00,0:15:00,0:24:00,Excelente,No,9,M e parece una experiencia que todo el mundo deveria probar una vex al menos para saber si te gusta o no,Pagaría 10 euros o más,,
16/03/2022 11:01:15,01,A (VR - DL),DL,0,Mujer,18,Ninguna,5,5,4. Moderadamente consistentes,6,7. En menos de un minuto,7. Muy competente,7. Completamente,Buena,Buena,Excelente,Buena,Buena,Un poco molestos,Ligeros efectos,7. Totalmente de acuerdo,1. Totalmente en desacuerdo,1. Totalmente en desacuerdo,7. Totalmente de acuerdo,7. Totalmente de acuerdo,1. Totalmente en desacuerdo,1. Totalmente en desacuerdo,7. Totalmente de acuerdo,1. Totalmente en desacuerdo,5.,1. Totalmente en desacuerdo,7. Totalmente de acuerdo,0:09:00,0:20:00,0:30:00,Buena,No,8,,Pagaría 10 euros o más,,
16/03/2022 11:14:12,02,A (VR - DL),VR,0,Hombre,19,Frecuente,6,6,5,4. De algún modo,7. En menos de un minuto,6,7. Completamente,Buena,Buena,Inexistente,Aceptable,Inexistente,No perceptibles,Sin problemas,1. Totalmente en desacuerdo,4. Neutro,1. Totalmente en desacuerdo,1. Totalmente en desacuerdo,2.,1. Totalmente en desacuerdo,1. Totalmente en desacuerdo,2.,1. Totalmente en desacuerdo,1. Totalmente en desacuerdo,7. Totalmente de acuerdo,1. Totalmente en desacuerdo,0:10:00,0:21:00,0:28:00,Aceptable,No,5,me ha parecido una experiencia algo desconcertante al no saber por donde camino con certeza,Lo haría si es gratis,,
16/03/2022 11:22:23,02,A (VR - DL),DL,0,Hombre,19,Frecuente,6,6,6,4. De algún modo,7. En menos de un minuto,7. Muy competente,7. Completamente,Aceptable,Buena,Aceptable,Buena,Aceptable,Un poco molestos,Sin problemas,7. Totalmente de acuerdo,1. Totalmente en desacuerdo,1. Totalmente en desacuerdo,6.,7. Totalmente de acuerdo,5.,2.,6.,3.,7. Totalmente de acuerdo,1. Totalmente en desacuerdo,1. Totalmente en desacuerdo,0:12:00,0:28:00,0:36:00,Buena,No,7,me parece una experiencia interesante que tu cuerpo se recree en el mundo virtual,Pagaría 5 euros,,
16/03/2022 11:35:38,04,A (VR - DL),VR,0,Hombre,19,Ocasional,3,6,2,7. Continuamente,7. En menos de un minuto,6,6,Aceptable,Buena,Mediocre,Inexistente,Inexistente,No perceptibles,Sin problemas,3.,1. Totalmente en desacuerdo,1. Totalmente en desacuerdo,4. Neutro,7. Totalmente de acuerdo,1. Totalmente en desacuerdo,1. Totalmente en desacuerdo,6.,2.,2.,2.,1. Totalmente en desacuerdo,0:10:00,0:18:00,0:24:00,Aceptable,No,8,Probar experiencia VR,Lo haría si es gratis,,
16/03/2022 11:38:26,03,A (VR - DL),VR,1,Hombre,21,Ocasional,5,1. Nada en absoluto,4. Moderadamente consistentes,7. Continuamente,7. En menos de un minuto,6,7. Completamente,Aceptable,Buena,Mediocre,Buena,Inexistente,No perceptibles,Sin problemas,6.,2.,1. Totalmente en desacuerdo,7. Totalmente de acuerdo,7. Totalmente de acuerdo,2.,1. Totalmente en desacuerdo,6.,1. Totalmente en desacuerdo,4. Neutro,1. Totalmente en desacuerdo,5.,0:17:00,0:37:00,0:47:00,Buena,No,10,"Las experiencias de realidad virtual son escasas para el publico general, el solo hecho de poder participar en ello es suficiente razon para recomendarlo y participar.
",Pagaría 5 euros,"En la escena final donde te piden observar tu propio cuerpo, solo fui capaz de ver mis manos y su sombra, nada más, no fui capaz de ver nada más. No recuerdo si en la escena del volcán fui capaz de ver mis pies.

Fue incomodo utilizar las gafas, asi que tuve que retirarlas, esto es en parte mi culpa y el hecho de que el dispositivo esta diseñado para ser utilizado sin gafas. No es una queja, es una observación.

La experiencia sin gafas no senti ningún problema.",tenía gafas y se las quitó
16/03/2022 11:43:41,04,A (VR - DL),DL,0,Hombre,19,Ocasional,3,5,3,6,7. En menos de un minuto,6,7. Completamente,Buena,Buena,Mediocre,Aceptable,Inexistente,Un poco molestos,Sin problemas,4. Neutro,1. Totalmente en desacuerdo,1. Totalmente en desacuerdo,3.,7. Totalmente de acuerdo,1. Totalmente en desacuerdo,1. Totalmente en desacuerdo,6.,4. Neutro,6.,1. Totalmente en desacuerdo,1. Totalmente en desacuerdo,0:10:00,0:18:00,0:24:00,Aceptable,No,8,,Lo haría si es gratis,,
16/03/2022 11:50:28,3,A (VR - DL),DL,1,Hombre,20,Ocasional,6,2,5,7. Continuamente,7. En menos de un minuto,7. Muy competente,7. Completamente,Aceptable,Excelente,Aceptable,Buena,Buena,Un poco molestos,Sin problemas,7. Totalmente de acuerdo,1. Totalmente en desacuerdo,1. Totalmente en desacuerdo,7. Totalmente de acuerdo,7. Totalmente de acuerdo,2.,1. Totalmente en desacuerdo,7. Totalmente de acuerdo,4. Neutro,6.,1. Totalmente en desacuerdo,4. Neutro,0:14:00,0:27:00,0:38:00,Excelente,No,10,Las experiencias de realidad virtual son unicas. Esta es curiosa y me gustó que se pueda interactuar más con el entorno.,Pagaría 5 euros,"Esta vez en la escena final como en el volcán observe mi propio cuerpo.
Los falsos positivos estaban presentes.
Al observar mi cuerpo, se ve el recorte de mis manos bien hecho, pero la irregularidad del recorte te saca un poco de la inmersabilidad del juego.
La segunda parte sentí una mejor experiencia en general.
Me quité las gafas por comodidad, otra vez.",
16/03/2022 11:57:17,5,A (VR - DL),VR,0,Mujer,20,,6,6,3,4. De algún modo,5,7. Muy competente,6,Aceptable,Buena,Aceptable,Aceptable,Aceptable,No molestos,Ligeros efectos,5.,2.,1. Totalmente en desacuerdo,5.,6.,5.,1. Totalmente en desacuerdo,7. Totalmente de acuerdo,5.,6.,4. Neutro,7. Totalmente de acuerdo,0:08:00,0:16:00,0:21:00,Excelente,No,10,Porque me ha parecido bastante real y te hace transportarte al lugar del juego,Pagaría 5 euros,,
16/03/2022 11:59:21,6,A (VR - DL),VR,0,Mujer,20,Ocasional,6,5,5,7. Continuamente,6,5,7. Completamente,Excelente,Buena,Buena,Buena,Buena,No perceptibles,Ligeros efectos,7. Totalmente de acuerdo,2.,1. Totalmente en desacuerdo,5.,4. Neutro,4. Neutro,4. Neutro,6.,4. Neutro,3.,4. Neutro,6.,,,,Buena,No,9,,Pagaría 5 euros,,
16/03/2022 12:06:07,6,A (VR - DL),DL,0,Mujer,20,Ocasional,6,7. Muy convincente,6,7. Continuamente,7. En menos de un minuto,7. Muy competente,7. Completamente,Buena,Buena,Buena,Buena,Buena,Molestos,Molesto,7. Totalmente de acuerdo,1. Totalmente en desacuerdo,1. Totalmente en desacuerdo,7. Totalmente de acuerdo,7. Totalmente de acuerdo,7. Totalmente de acuerdo,3.,6.,6.,7. Totalmente de acuerdo,1. Totalmente en desacuerdo,6.,0:07:00,0:15:00,0:22:00,Excelente,No,9,,Lo haría si es gratis,,
16/03/2022 12:06:10,5,A (VR - DL),DL,0,Mujer,20,Ninguna,6,4. Moderadamente convincente,1. Nada consistentes,4. De algún modo,6,6,6,Mediocre,Buena,Excelente,Excelente,Excelente,No molestos,Sin problemas,7. Totalmente de acuerdo,1. Totalmente en desacuerdo,1. Totalmente en desacuerdo,7. Totalmente de acuerdo,7. Totalmente de acuerdo,2.,1. Totalmente en desacuerdo,7. Totalmente de acuerdo,7. Totalmente de acuerdo,7. Totalmente de acuerdo,1. Totalmente en desacuerdo,4. Neutro,0:09:00,0:17:00,0:21:00,Excelente,No,10,Porque la imagen del cuerpo me ha parecido muy real y similar al mío,Pagaría 5 euros,,
16/03/2022 12:23:16,7,A (VR - DL),VR,1,Hombre,21,Ocasional,6,5,5,6,7. En menos de un minuto,7. Muy competente,7. Completamente,Buena,Excelente,Excelente,Buena,Inexistente,No perceptibles,Sin problemas,6.,1. Totalmente en desacuerdo,1. Totalmente en desacuerdo,6.,7. Totalmente de acuerdo,5.,1. Totalmente en desacuerdo,7. Totalmente de acuerdo,7. Totalmente de acuerdo,7. Totalmente de acuerdo,1. Totalmente en desacuerdo,7. Totalmente de acuerdo,,,,Excelente,No,9,"Una experiencia con VR siempre es interesante de vivir y a la mayoría de mis conocidos les gustaría poder experimentarlo. Ayudar en este tipo de experimentos siempre resulta gratificante, sobre todo en un campo que tanto interesa.",Pagaría 5 euros,,
16/03/2022 12:29:00,8,A (VR - DL),VR,0,Mujer,26,Ocasional,7. Completamente natural,7. Muy convincente,7. Muy consistentes,7. Continuamente,7. En menos de un minuto,7. Muy competente,7. Completamente,Excelente,Excelente,Excelente,Excelente,Excelente,No molestos,Sin problemas,7. Totalmente de acuerdo,1. Totalmente en desacuerdo,1. Totalmente en desacuerdo,7. Totalmente de acuerdo,7. Totalmente de acuerdo,7. Totalmente de acuerdo,1. Totalmente en desacuerdo,7. Totalmente de acuerdo,7. Totalmente de acuerdo,7. Totalmente de acuerdo,1. Totalmente en desacuerdo,7. Totalmente de acuerdo,0:14:00,0:27:00,0:35:00,Excelente,No,10,Es una experiencia increíble,Pagaría 10 euros o más,,
16/03/2022 12:30:32,7,A (VR - DL),DL,1,Hombre,21,Ocasional,7. Completamente natural,7. Muy convincente,6,7. Continuamente,7. En menos de un minuto,7. Muy competente,7. Completamente,Buena,Excelente,Buena,Buena,Buena,Un poco molestos,Sin problemas,7. Totalmente de acuerdo,1. Totalmente en desacuerdo,1. Totalmente en desacuerdo,7. Totalmente de acuerdo,7. Totalmente de acuerdo,1. Totalmente en desacuerdo,1. Totalmente en desacuerdo,7. Totalmente de acuerdo,7. Totalmente de acuerdo,7. Totalmente de acuerdo,1. Totalmente en desacuerdo,7. Totalmente de acuerdo,0:11:00,0:22:00,0:26:00,Buena,No,10,Ha sido realmente impresionante ver el cambio y poder ver mi propio cuerpo con mi ropa y con muchos detalles. Sinceramente me ha dejado boquiabierto. Nunca había vivido una experiencia de VR en la que realmente viese mi cuerpo y todo,Pagaría 10 euros o más,"El cambio ha sido brutal, no me esperaba que vería mi cuerpo hasta con algunos detalles como el esmalte de las uñas. ",
16/03/2022 12:36:08,8,A (VR - DL),DL,0,Mujer,26,Ocasional,7. Completamente natural,7. Muy convincente,7. Muy consistentes,7. Continuamente,7. En menos de un minuto,7. Muy competente,7. Completamente,Excelente,Excelente,Excelente,Excelente,Excelente,No molestos,Sin problemas,1. Totalmente en desacuerdo,7. Totalmente de acuerdo,7. Totalmente de acuerdo,1. Totalmente en desacuerdo,1. Totalmente en desacuerdo,1. Totalmente en desacuerdo,1. Totalmente en desacuerdo,1. Totalmente en desacuerdo,1. Totalmente en desacuerdo,1. Totalmente en desacuerdo,7. Totalmente de acuerdo,1. Totalmente en desacuerdo,0:12:00,0:24:00,0:32:00,Excelente,No,10,Es una experiencia impresionante,Pagaría 10 euros o más,,
16/03/2022 12:52:37,9,A (VR - DL),VR,0,Hombre,27,Ocasional,4. Neutro,3,4. Moderadamente consistentes,3,5,6,7. Completamente,Aceptable,Mediocre,Inexistente,Aceptable,Inexistente,No perceptibles,Sin problemas,1. Totalmente en desacuerdo,2.,3.,3.,5.,2.,2.,3.,4. Neutro,2.,4. Neutro,2.,0:10:00,0:19:00,0:25:00,Aceptable,No,7,Probar nueva tecnologia,Lo haría si es gratis,,
16/03/2022 12:53:35,10,A (VR - DL),VR,0,Hombre,22,Ocasional,6,5,4. Moderadamente consistentes,7. Continuamente,7. En menos de un minuto,6,7. Completamente,Aceptable,Excelente,Buena,Inexistente,Inexistente,No perceptibles,Sin problemas,6.,3.,1. Totalmente en desacuerdo,6.,7. Totalmente de acuerdo,7. Totalmente de acuerdo,1. Totalmente en desacuerdo,6.,4. Neutro,5.,1. Totalmente en desacuerdo,4. Neutro,0:13:00,0:23:00,0:31:00,Buena,No,10,Se siente bastante integrada la sensación de movimiento del cuerpo y de interacción con el escenario.,Pagaría 1 euro,"Se sentía bien la sensación de distancia (de mi cuerpo al suelo) y cuando percibía que debía estar tocar el suelo, eso estaba sucediendo en el mundo virtual también.",
16/03/2022 13:01:55,11,A (VR - DL),VR,0,Hombre,23,Frecuente,5,3,2,7. Continuamente,7. En menos de un minuto,3,6,Mediocre,Aceptable,Aceptable,Buena,Mala,No molestos,Sin problemas,2.,1. Totalmente en desacuerdo,1. Totalmente en desacuerdo,4. Neutro,6.,5.,1. Totalmente en desacuerdo,2.,2.,4. Neutro,2.,1. Totalmente en desacuerdo,0:09:00,0:18:00,0:26:00,Buena,No,5,Creo que el tracking del movimiento del cuerpo (no el de las manos) se debe pulir y el volcan no me transmite sensación de demasiado realismo,Pagaría 5 euros,,
16/03/2022 13:04:38,9,A (VR - DL),DL,0,Hombre,27,Ocasional,6,4. Moderadamente convincente,5,1. Nada en absoluto,7. En menos de un minuto,7. Muy competente,6,Mediocre,Inexistente,Aceptable,Aceptable,Aceptable,Un poco molestos,Sin problemas,6.,2.,1. Totalmente en desacuerdo,6.,7. Totalmente de acuerdo,3.,3.,5.,2.,6.,2.,3.,0:07:00,0:16:00,0:22:00,Buena,No,9,Probar posible futura tecnología,Lo haría si es gratis,,
16/03/2022 13:09:11,10,A (VR - DL),DL,0,Hombre,22,Ocasional,7. Completamente natural,6,7. Muy consistentes,7. Continuamente,6,7. Muy competente,7. Completamente,Excelente,Excelente,Excelente,Excelente,Excelente,No molestos,Sin problemas,7. Totalmente de acuerdo,1. Totalmente en desacuerdo,1. Totalmente en desacuerdo,7. Totalmente de acuerdo,7. Totalmente de acuerdo,2.,1. Totalmente en desacuerdo,7. Totalmente de acuerdo,6.,7. Totalmente de acuerdo,1. Totalmente en desacuerdo,6.,0:14:00,0:26:00,0:34:00,Excelente,No,10,La experiencia está muy lograda llegando a percibir el avatar del mundo virtual como mi propio cuerpo durante la mayor parte del tiempo de juego.,Pagaría 10 euros o más,"La calidad del tracking me ha parecido muy buena  y se sentía muy bien, al poder interactuar con fluidez y naturalidad con el entorno.",
16/03/2022 13:12:10,12,A (VR - DL),VR,0,Hombre,21,Ocasional,7. Completamente natural,7. Muy convincente,7. Muy consistentes,4. De algún modo,7. En menos de un minuto,7. Muy competente,7. Completamente,Excelente,Excelente,Aceptable,Buena,Inexistente,,Sin problemas,3.,1. Totalmente en desacuerdo,1. Totalmente en desacuerdo,5.,5.,4. Neutro,4. Neutro,4. Neutro,3.,5.,3.,7. Totalmente de acuerdo,0:22:00,0:35:00,0:46:00,Buena,No,10,Me ha parecido muy inmersivo,Pagaría 5 euros,Bastante inmersivo pero a mi me detectó poco el cuerpo,
16/03/2022 13:16:44,11,A (VR - DL),DL,0,Hombre,23,Frecuente,4. Neutro,5,3,5,7. En menos de un minuto,6,7. Completamente,Mediocre,Mediocre,Buena,Buena,Buena,Molestos,Sin problemas,5.,1. Totalmente en desacuerdo,1. Totalmente en desacuerdo,7. Totalmente de acuerdo,7. Totalmente de acuerdo,2.,1. Totalmente en desacuerdo,6.,5.,7. Totalmente de acuerdo,1. Totalmente en desacuerdo,1. Totalmente en desacuerdo,0:13:00,0:28:00,0:43:00,Aceptable,No,7,"El hecho de mostrar el propio cuerpo ayuda mucho a la percepcion del espacio y movimiento de uno mismo, sin embargo el ruido, o segmentación, que se produce al rededor del cuerpo me distrae mucho de la escena, desvia demasiado la atención y me sacaba de la experiencia",Pagaría 5 euros,,
16/03/2022 13:20:44,12,A (VR - DL),DL,0,Hombre,21,Ocasional,7. Completamente natural,7. Muy convincente,6,4. De algún modo,7. En menos de un minuto,6,7. Completamente,Excelente,Excelente,Excelente,Excelente,Excelente,No molestos,Sin problemas,7. Totalmente de acuerdo,1. Totalmente en desacuerdo,1. Totalmente en desacuerdo,7. Totalmente de acuerdo,7. Totalmente de acuerdo,1. Totalmente en desacuerdo,1. Totalmente en desacuerdo,6.,4. Neutro,7. Totalmente de acuerdo,1. Totalmente en desacuerdo,7. Totalmente de acuerdo,0:13:00,0:27:00,0:36:00,Excelente,No,10,"Me parece ,muy innovador e inmersivo, una pasada",Pagaría 10 euros o más,No,
16/03/2022 14:50:18,14,A (VR - DL),VR,0,Hombre,18,Ocasional,5,6,3,4. De algún modo,5,6,6,Buena,Excelente,Inexistente,Buena,Inexistente,,Sin problemas,3.,1. Totalmente en desacuerdo,1. Totalmente en desacuerdo,5.,7. Totalmente de acuerdo,1. Totalmente en desacuerdo,1. Totalmente en desacuerdo,6.,3.,1. Totalmente en desacuerdo,1. Totalmente en desacuerdo,1. Totalmente en desacuerdo,0:17:00,0:28:00,0:36:00,Buena,No,8,Creo que es una experiencia interestante para alguien que no haya tenido ninguna experiencia con la realidad virtual.,Lo haría si es gratis,De momento lo que he jugado de Vulcano me ha parecido interesante pero pienso que es necesario algo mas (alguna mecanica nueva por ejemplo) para pagar.,
16/03/2022 14:52:30,15,A (VR - DL),VR,0,Hombre,18,Ninguna,5,4. Moderadamente convincente,3,6,6,5,6,Buena,Aceptable,Aceptable,Mediocre,Inexistente,No molestos,Sin problemas,2.,2.,1. Totalmente en desacuerdo,4. Neutro,5.,2.,1. Totalmente en desacuerdo,5.,2.,1. Totalmente en desacuerdo,2.,3.,0:15:00,0:25:00,0:33:00,Aceptable,No,6,"Es una experiencia bastante buena y la primera que conozco que en realidad virtual puedes ver partes de tu cuerpo sin necesidad de controles, sin embargo, puede mejorar representando más partes de tu cuerpo como el torso o las piernas.",Pagaría 5 euros,,
16/03/2022 14:59:00,14,A (VR - DL),DL,0,Hombre,18,Ocasional,5,6,5,5,7. En menos de un minuto,7. Muy competente,5,Buena,Buena,Aceptable,Excelente,Aceptable,No molestos,Sin problemas,6.,2.,1. Totalmente en desacuerdo,7. Totalmente de acuerdo,6.,1. Totalmente en desacuerdo,1. Totalmente en desacuerdo,5.,1. Totalmente en desacuerdo,6.,1. Totalmente en desacuerdo,1. Totalmente en desacuerdo,0:07:00,0:15:00,0:21:00,Buena,No,8,En está segunda experiencia me ha gustado la recreación del cuerpo por la cámara.,Lo haría si es gratis,Recalcar que el falso positivo de la cámara me ha pasado solo al final de la experiencia al mirar más al entorno,
16/03/2022 14:59:39,13,A (VR - DL),VR,0,Hombre,18,Ninguna,7. Completamente natural,2,3,7. Continuamente,7. En menos de un minuto,6,2,Mala,Aceptable,Buena,Buena,Aceptable,Molestos,Sin problemas,7. Totalmente de acuerdo,1. Totalmente en desacuerdo,4. Neutro,7. Totalmente de acuerdo,7. Totalmente de acuerdo,3.,2.,2.,2.,4. Neutro,1. Totalmente en desacuerdo,5.,0:13:00,0:22:00,0:29:00,Buena,No,9,"Está muy chulo una vez adaptado, y el movimiento se siente fluido en todo momento",Pagaría 1 euro,"Sentía que mi altura en el juego no se correspondia con mi altura en verdad, por otro lado, las cosas que deberían estar debajo mío, estaban un poco más adelantadas",
16/03/2022 15:06:40,15,A (VR - DL),DL,0,Hombre,18,Ninguna,5,6,5,4. De algún modo,7. En menos de un minuto,5,6,Aceptable,Mediocre,Excelente,Buena,Buena,No molestos,Sin problemas,6.,1. Totalmente en desacuerdo,1. Totalmente en desacuerdo,6.,7. Totalmente de acuerdo,1. Totalmente en desacuerdo,1. Totalmente en desacuerdo,5.,5.,6.,1. Totalmente en desacuerdo,4. Neutro,0:14:00,0:24:00,0:32:00,Buena,No,7,"En esta segunda vuelta ha mejorado bastante mi inmersión, mi cuerpo era captado bastante bien, pero el contorno era borroso y difícil a la vista. Además al interactuar con las señales se notaba algo más dificultoso, había que acercarse más que en el primer recorrido.",Pagaría 5 euros,"La experiencia genial, con ganas de que mejore y ver hacia dónde puede llegar el proyecto.",
16/03/2022 15:08:52,13,A (VR - DL),DL,0,Hombre,18,Ninguna,6,2,3,7. Continuamente,7. En menos de un minuto,7. Muy competente,6,Mala,Mediocre,Buena,Buena,Aceptable,Muy molestos,Sin problemas,7. Totalmente de acuerdo,1. Totalmente en desacuerdo,1. Totalmente en desacuerdo,7. Totalmente de acuerdo,7. Totalmente de acuerdo,1. Totalmente en desacuerdo,1. Totalmente en desacuerdo,6.,5.,7. Totalmente de acuerdo,1. Totalmente en desacuerdo,2.,0:09:00,0:16:00,0:23:00,Aceptable,No,8,"Muy curioso que la ropa que llevara puesta también se trasladase a mi avatar, incluida la forma de mis manos",Pagaría 5 euros,Al ver mis piernas me ubicaba mejor en el espacio,
16/03/2022 15:20:32,16,A (VR - DL),VR,1,Mujer,23,Ninguna,6,6,5,4. De algún modo,5,6,7. Completamente,Aceptable,,Excelente,Buena,Inexistente,No perceptibles,Sin problemas,7. Totalmente de acuerdo,1. Totalmente en desacuerdo,1. Totalmente en desacuerdo,6.,7. Totalmente de acuerdo,1. Totalmente en desacuerdo,1. Totalmente en desacuerdo,7. Totalmente de acuerdo,6.,5.,1. Totalmente en desacuerdo,3.,0:08:00,0:16:00,0:22:00,Excelente,No,10,"Me parece una nueva forma de jugar muy divertida, mucho más realista para jugar, es más interesante así que con un mando, es muy realista aunque yo era consciente de que era un juego.",Pagaría 10 euros o más,,
16/03/2022 15:27:28,16,A (VR - DL),DL,1,Mujer,23,Ninguna,5,6,6,5,5,3,7. Completamente,Excelente,Buena,Excelente,Excelente,Excelente,No perceptibles,Sin problemas,7. Totalmente de acuerdo,1. Totalmente en desacuerdo,1. Totalmente en desacuerdo,7. Totalmente de acuerdo,1. Totalmente en desacuerdo,1. Totalmente en desacuerdo,1. Totalmente en desacuerdo,7. Totalmente de acuerdo,7. Totalmente de acuerdo,6.,1. Totalmente en desacuerdo,7. Totalmente de acuerdo,0:07:00,0:16:00,0:21:00,Excelente,No,10,"Me parecia muchisimo más realista, sentía que de verdad estaba allí, el sonido ayudaba, me parece una forma de jugar muy interesante y creo que se debería probar",Pagaría 10 euros o más,,Se utilizaron los steps aunque no se deberían haber utilizado
16/03/2022 15:28:44,17,B (CHR - DL),1-CHR,1,Hombre,21,Ninguna,5,6,7. Muy consistentes,7. Continuamente,7. En menos de un minuto,7. Muy competente,7. Completamente,Buena,Buena,Excelente,Excelente,Inexistente,Un poco molestos,Sin problemas,7. Totalmente de acuerdo,1. Totalmente en desacuerdo,1. Totalmente en desacuerdo,7. Totalmente de acuerdo,7. Totalmente de acuerdo,1. Totalmente en desacuerdo,1. Totalmente en desacuerdo,7. Totalmente de acuerdo,1. Totalmente en desacuerdo,7. Totalmente de acuerdo,1. Totalmente en desacuerdo,1. Totalmente en desacuerdo,0:09:00,0:17:00,0:23:00,Excelente,No,10,Parece que realmente eres tú el que anda por las plataformas.,Pagaría 10 euros o más,,
16/03/2022 15:33:24,18,C (DL- CHR),1-DL,0,Hombre,21,Ninguna,6,6,5,7. Continuamente,7. En menos de un minuto,7. Muy competente,6,Aceptable,Aceptable,Excelente,Excelente,Excelente,No perceptibles,Ligeros efectos,7. Totalmente de acuerdo,1. Totalmente en desacuerdo,1. Totalmente en desacuerdo,7. Totalmente de acuerdo,7. Totalmente de acuerdo,1. Totalmente en desacuerdo,1. Totalmente en desacuerdo,6.,7. Totalmente de acuerdo,7. Totalmente de acuerdo,1. Totalmente en desacuerdo,7. Totalmente de acuerdo,0:10:00,0:20:00,0:27:00,Excelente,No,10,,Pagaría 1 euro,,
16/03/2022 15:35:57,17,B (CHR - DL),2-DL,1,Hombre,21,Ninguna,7. Completamente natural,5,7. Muy consistentes,7. Continuamente,7. En menos de un minuto,7. Muy competente,7. Completamente,Aceptable,Aceptable,Excelente,Excelente,Excelente,No perceptibles,Sin problemas,7. Totalmente de acuerdo,1. Totalmente en desacuerdo,1. Totalmente en desacuerdo,7. Totalmente de acuerdo,7. Totalmente de acuerdo,1. Totalmente en desacuerdo,1. Totalmente en desacuerdo,7. Totalmente de acuerdo,7. Totalmente de acuerdo,7. Totalmente de acuerdo,7. Totalmente de acuerdo,1. Totalmente en desacuerdo,0:08:00,0:16:00,0:22:00,Excelente,No,10,"Parece que eres tú el que pasa por las pasarelas y, además, el avatar es exactamente como tú.",Pagaría 10 euros o más,,
16/03/2022 15:40:31,18,C (DL- CHR),2-CHR,0,Hombre,21,Ninguna,6,5,5,6,7. En menos de un minuto,7. Muy competente,7. Completamente,Buena,Buena,Aceptable,Excelente,Mediocre,No perceptibles,Ligeros efectos,4. Neutro,1. Totalmente en desacuerdo,1. Totalmente en desacuerdo,6.,7. Totalmente de acuerdo,1. Totalmente en desacuerdo,1. Totalmente en desacuerdo,7. Totalmente de acuerdo,7. Totalmente de acuerdo,3.,4. Neutro,6.,0:10:00,0:10:00,0:27:00,Buena,No,10,,Pagaría 1 euro,,
17/03/2022 10:38:26,19,B (CHR - DL),1-CHR,1,Mujer,18,Ninguna,7. Completamente natural,7. Muy convincente,6,6,6,6,6,Excelente,Excelente,Excelente,Excelente,Excelente,No molestos,Sin problemas,7. Totalmente de acuerdo,1. Totalmente en desacuerdo,1. Totalmente en desacuerdo,7. Totalmente de acuerdo,7. Totalmente de acuerdo,1. Totalmente en desacuerdo,1. Totalmente en desacuerdo,7. Totalmente de acuerdo,7. Totalmente de acuerdo,7. Totalmente de acuerdo,1. Totalmente en desacuerdo,5.,0:11:00,0:24:00,0:33:00,Excelente,No,10,Porque me ha parecido una experiencia muy amena y divertida.,Pagaría 5 euros,,me faltó explicarle lo de los falsos positivos para el 1-chr
17/03/2022 10:44:45,19,B (CHR - DL),DL,1,Mujer,18,Ninguna,7. Completamente natural,7. Muy convincente,7. Muy consistentes,6,7. En menos de un minuto,7. Muy competente,7. Completamente,Excelente,Excelente,Excelente,Excelente,Excelente,No perceptibles,Sin problemas,7. Totalmente de acuerdo,1. Totalmente en desacuerdo,1. Totalmente en desacuerdo,7. Totalmente de acuerdo,7. Totalmente de acuerdo,1. Totalmente en desacuerdo,1. Totalmente en desacuerdo,7. Totalmente de acuerdo,7. Totalmente de acuerdo,7. Totalmente de acuerdo,1. Totalmente en desacuerdo,7. Totalmente de acuerdo,0:09:00,0:21:00,0:30:00,Excelente,No,10,"De nuevo ha sido una experiencia muy divertida y los instructores son muy agradables, sin duda repetiría y se lo recomendaría a mis amigos.",Pagaría 5 euros,,
17/03/2022 11:07:43,20,C (DL- CHR),1-DL,0,Mujer,19,Ocasional,5,6,6,6,7. En menos de un minuto,7. Muy competente,7. Completamente,Buena,Buena,Aceptable,Buena,Aceptable,No molestos,Ligeros efectos,6.,2.,1. Totalmente en desacuerdo,7. Totalmente de acuerdo,7. Totalmente de acuerdo,7. Totalmente de acuerdo,1. Totalmente en desacuerdo,7. Totalmente de acuerdo,7. Totalmente de acuerdo,4. Neutro,7. Totalmente de acuerdo,7. Totalmente de acuerdo,0:26:00,0:44:00,1:07:00,Excelente,No,10,Ha sido interesante la sensación cuando me he quitado las gafas.,Pagaría 10 euros o más,,
17/03/2022 11:15:17,21,B (CHR - DL),1-CHR,0,Mujer,18,Ninguna,6,7. Muy convincente,6,6,6,6,5,Excelente,Buena,Buena,Mediocre,Inexistente,Un poco molestos,Sin problemas,7. Totalmente de acuerdo,1. Totalmente en desacuerdo,2.,6.,6.,1. Totalmente en desacuerdo,1. Totalmente en desacuerdo,7. Totalmente de acuerdo,7. Totalmente de acuerdo,7. Totalmente de acuerdo,1. Totalmente en desacuerdo,6.,0:18:00,0:34:00,0:47:00,Excelente,No,10,"por la impresión que produce, es una sensación muy rara pero lo probaría más veces la verdad",Pagaría 10 euros o más,,
17/03/2022 11:16:01,20,C (DL- CHR),2-CHR,0,Mujer,19,Ocasional,7. Completamente natural,7. Muy convincente,7. Muy consistentes,7. Continuamente,7. En menos de un minuto,7. Muy competente,7. Completamente,Excelente,Excelente,Aceptable,Aceptable,Mala,No molestos,Ligeros efectos,7. Totalmente de acuerdo,2.,7. Totalmente de acuerdo,7. Totalmente de acuerdo,7. Totalmente de acuerdo,7. Totalmente de acuerdo,1. Totalmente en desacuerdo,7. Totalmente de acuerdo,7. Totalmente de acuerdo,5.,2.,7. Totalmente de acuerdo,0:17:00,0:46:00,1:09:00,Excelente,No,10,,Pagaría 10 euros o más,"La segunda vez me dió mucha más impresión, y me pareció más difcícil el salto de cada plataforma. ",
17/03/2022 11:26:41,22,C (DL- CHR),1-DL,0,Mujer,18,Ocasional,5,5,5,6,7. En menos de un minuto,5,6,Excelente,Excelente,Aceptable,Mala,Mala,No molestos,Sin problemas,2.,1. Totalmente en desacuerdo,1. Totalmente en desacuerdo,5.,6.,5.,1. Totalmente en desacuerdo,6.,6.,6.,1. Totalmente en desacuerdo,6.,0:26:00,0:50:00,1:04:00,Buena,Si,7,"Pienso que es una experiencia única, sin embargo pienso que le faltan mejorar cosas como la calidad de la imagen del avatar, más tiempo en el juego porque cuando ya estás empezando a meterte en el juego te tienes que quitar las gafas y mayor naturalidad en el juego.",Lo haría si es gratis,,Súper agradables y te ayudan en todo.
17/03/2022 11:26:42,21,B (CHR - DL),2-DL,0,Mujer,18,Ninguna,6,6,6,5,7. En menos de un minuto,7. Muy competente,7. Completamente,Excelente,Buena,Excelente,Excelente,Buena,No molestos,Sin problemas,7. Totalmente de acuerdo,1. Totalmente en desacuerdo,2.,7. Totalmente de acuerdo,7. Totalmente de acuerdo,2.,2.,5.,6.,7. Totalmente de acuerdo,1. Totalmente en desacuerdo,5.,0:15:00,0:34:00,0:49:00,Excelente,No,9,,Pagaría 10 euros o más,,
17/03/2022 11:37:33,23,B (CHR - DL),1-CHR,0,Mujer,18,Ninguna,6,6,6,7. Continuamente,7. En menos de un minuto,7. Muy competente,6,Buena,Buena,Excelente,Excelente,Excelente,Un poco molestos,Sin problemas,7. Totalmente de acuerdo,1. Totalmente en desacuerdo,1. Totalmente en desacuerdo,7. Totalmente de acuerdo,7. Totalmente de acuerdo,2.,1. Totalmente en desacuerdo,7. Totalmente de acuerdo,7. Totalmente de acuerdo,7. Totalmente de acuerdo,1. Totalmente en desacuerdo,3.,0:09:00,0:21:00,0:29:00,Excelente,No,10,,Lo haría si es gratis,,
17/03/2022 11:42:52,22,C (DL- CHR),2-CHR,0,Mujer,18,Ocasional,4. Neutro,4. Moderadamente convincente,3,4. De algún modo,4. Lentamente,1. Nada competente,4. Algo,Buena,Inexistente,Excelente,Excelente,Buena,Molestos,Sin problemas,7. Totalmente de acuerdo,1. Totalmente en desacuerdo,1. Totalmente en desacuerdo,2.,6.,6.,2.,6.,5.,5.,1. Totalmente en desacuerdo,5.,0:11:00,0:29:00,0:40:00,Aceptable,No,6,Es un periodo muy corto y al final del juego se puede ver toda la clase.,Lo haría si es gratis,,Atentos y muy majos
17/03/2022 11:44:55,23,B (CHR - DL),2-DL,0,Mujer,18,Ninguna,7. Completamente natural,6,6,7. Continuamente,7. En menos de un minuto,7. Muy competente,7. Completamente,Excelente,Excelente,Buena,Aceptable,Aceptable,Un poco molestos,Sin problemas,7. Totalmente de acuerdo,1. Totalmente en desacuerdo,1. Totalmente en desacuerdo,7. Totalmente de acuerdo,1. Totalmente en desacuerdo,2.,1. Totalmente en desacuerdo,7. Totalmente de acuerdo,7. Totalmente de acuerdo,7. Totalmente de acuerdo,1. Totalmente en desacuerdo,1. Totalmente en desacuerdo,0:10:00,0:22:00,0:29:00,Excelente,No,10,,Lo haría si es gratis,,
17/03/2022 11:47:18,24,C (DL- CHR),1-DL,0,Mujer,18,Ninguna,5,3,4. Moderadamente consistentes,5,7. En menos de un minuto,5,6,Buena,Aceptable,Aceptable,Aceptable,Mediocre,No molestos,Sin problemas,6.,1. Totalmente en desacuerdo,1. Totalmente en desacuerdo,6.,7. Totalmente de acuerdo,1. Totalmente en desacuerdo,1. Totalmente en desacuerdo,5.,5.,5.,1. Totalmente en desacuerdo,5.,0:14:00,0:26:00,0:33:00,Buena,No,7,"Me parece una experiencia nueva, recomendable para un rato.",Lo haría si es gratis,,
17/03/2022 11:54:52,24,C (DL- CHR),2-CHR,0,Mujer,18,Ninguna,3,4. Moderadamente convincente,4. Moderadamente consistentes,5,7. En menos de un minuto,4. Razonablemente competente,5,Aceptable,Buena,Mediocre,Mediocre,Mediocre,Un poco molestos,Sin problemas,3.,5.,2.,5.,5.,2.,1. Totalmente en desacuerdo,5.,5.,4. Neutro,1. Totalmente en desacuerdo,4. Neutro,0:10:00,0:22:00,0:28:00,Buena,No,7,"Está bastante bien para poder introducirte en el mundo de la realidad virtual, y si nunca lo has probado realmente merece la pena",Lo haría si es gratis,,
17/03/2022 12:12:05,25,B (CHR - DL),1-CHR,0,Hombre,22,Ninguna,2,4. Moderadamente convincente,3,6,7. En menos de un minuto,5,5,Aceptable,Buena,Aceptable,Excelente,Aceptable,Molestos,Sin problemas,4. Neutro,1. Totalmente en desacuerdo,1. Totalmente en desacuerdo,5.,7. Totalmente de acuerdo,,1. Totalmente en desacuerdo,6.,5.,7. Totalmente de acuerdo,4. Neutro,,0:12:00,0:25:00,0:33:00,Buena,No,8,,Pagaría 5 euros,,
17/03/2022 12:21:06,26,C (DL- CHR),DL,0,Mujer,18,Ninguna,5,5,4. Moderadamente consistentes,5,7. En menos de un minuto,6,6,Aceptable,Buena,Aceptable,Buena,Buena,Un poco molestos,Sin problemas,7. Totalmente de acuerdo,1. Totalmente en desacuerdo,7. Totalmente de acuerdo,1. Totalmente en desacuerdo,1. Totalmente en desacuerdo,7. Totalmente de acuerdo,7. Totalmente de acuerdo,1. Totalmente en desacuerdo,1. Totalmente en desacuerdo,3.,7. Totalmente de acuerdo,1. Totalmente en desacuerdo,0:09:00,0:22:00,0:31:00,Buena,No,8,es interesante y divertida de hacer ,Pagaría 1 euro,,
17/03/2022 12:22:12,25,B (CHR - DL),2-DL,0,Hombre,22,Ninguna,6,6,5,5,7. En menos de un minuto,7. Muy competente,6,Buena,Aceptable,Buena,Excelente,Excelente,Un poco molestos,Sin problemas,7. Totalmente de acuerdo,1. Totalmente en desacuerdo,1. Totalmente en desacuerdo,6.,6.,2.,1. Totalmente en desacuerdo,6.,6.,6.,1. Totalmente en desacuerdo,5.,0:17:00,0:29:00,0:38:00,Buena,No,9,,Pagaría 5 euros,"Ha sido mejor que la primera experiencia, debido a que podía observar mejor mi cuerpo.",
17/03/2022 12:24:28,27,B (CHR - DL),1-CHR,0,Hombre,18,Ninguna,5,6,6,7. Continuamente,6,7. Muy competente,7. Completamente,Buena,Buena,Aceptable,Aceptable,Aceptable,Molestos,Sin problemas,7. Totalmente de acuerdo,1. Totalmente en desacuerdo,1. Totalmente en desacuerdo,6.,7. Totalmente de acuerdo,1. Totalmente en desacuerdo,1. Totalmente en desacuerdo,6.,5.,5.,1. Totalmente en desacuerdo,2.,0:13:00,0:24:00,0:33:00,Buena,No,9,Porque es entretenido,Lo haría si es gratis,,
17/03/2022 12:29:25,28,C (DL- CHR),1-DL,1,Hombre,20,Ninguna,5,4. Moderadamente convincente,5,7. Continuamente,7. En menos de un minuto,7. Muy competente,7. Completamente,Aceptable,Buena,Buena,Buena,Buena,Un poco molestos,Sin problemas,7. Totalmente de acuerdo,1. Totalmente en desacuerdo,1. Totalmente en desacuerdo,7. Totalmente de acuerdo,7. Totalmente de acuerdo,1. Totalmente en desacuerdo,1. Totalmente en desacuerdo,7. Totalmente de acuerdo,7. Totalmente de acuerdo,7. Totalmente de acuerdo,1. Totalmente en desacuerdo,5.,0:13:00,0:27:00,0:35:00,Buena,No,8,"La realidad virtual es una experiencia interesante, ademas de que es divertido hacer el experimento",Lo haría si es gratis,,
17/03/2022 12:31:01,26,C (DL- CHR),2-CHR,0,Mujer,18,Ninguna,6,6,6,7. Continuamente,7. En menos de un minuto,6,7. Completamente,Excelente,Excelente,Buena,Buena,Buena,Un poco molestos,Sin problemas,1. Totalmente en desacuerdo,7. Totalmente de acuerdo,7. Totalmente de acuerdo,1. Totalmente en desacuerdo,1. Totalmente en desacuerdo,7. Totalmente de acuerdo,7. Totalmente de acuerdo,1. Totalmente en desacuerdo,1. Totalmente en desacuerdo,1. Totalmente en desacuerdo,7. Totalmente de acuerdo,1. Totalmente en desacuerdo,0:08:00,0:20:00,0:28:00,Buena,No,8,es divertido y entretenido ,Pagaría 5 euros,en cuanto a los falsos positivos he podido apreciar gran parte del entorno en ciertos momentos,
17/03/2022 12:32:26,27,B (CHR - DL),2-DL,0,Hombre,18,Ninguna,6,7. Muy convincente,7. Muy consistentes,7. Continuamente,7. En menos de un minuto,6,7. Completamente,Buena,Buena,Buena,Aceptable,Aceptable,No molestos,Sin problemas,6.,1. Totalmente en desacuerdo,1. Totalmente en desacuerdo,7. Totalmente de acuerdo,7. Totalmente de acuerdo,1. Totalmente en desacuerdo,1. Totalmente en desacuerdo,7. Totalmente de acuerdo,6.,5.,1. Totalmente en desacuerdo,1. Totalmente en desacuerdo,0:11:00,0:23:00,0:33:00,Buena,No,9,Es entretenido,Lo haría si es gratis,,
17/03/2022 12:36:34,28,C (DL- CHR),2-CHR,1,Hombre,20,Ninguna,6,6,5,7. Continuamente,7. En menos de un minuto,7. Muy competente,7. Completamente,Aceptable,Buena,Aceptable,Buena,Inexistente,Un poco molestos,Sin problemas,6.,1. Totalmente en desacuerdo,1. Totalmente en desacuerdo,7. Totalmente de acuerdo,7. Totalmente de acuerdo,1. Totalmente en desacuerdo,1. Totalmente en desacuerdo,7. Totalmente de acuerdo,7. Totalmente de acuerdo,7. Totalmente de acuerdo,1. Totalmente en desacuerdo,3.,0:10:00,0:20:00,0:28:00,Buena,Si,8,Porque es divertido,Lo haría si es gratis,,
17/03/2022 12:45:44,29,B (CHR - DL),1-CHR,1,Mujer,18,Ninguna,4. Neutro,4. Moderadamente convincente,4. Moderadamente consistentes,7. Continuamente,6,6,5,Buena,Buena,Mediocre,Aceptable,Aceptable,Un poco molestos,Ligeros efectos,3.,5.,1. Totalmente en desacuerdo,6.,6.,2.,1. Totalmente en desacuerdo,7. Totalmente de acuerdo,3.,7. Totalmente de acuerdo,1. Totalmente en desacuerdo,1. Totalmente en desacuerdo,0:19:00,0:28:00,0:34:00,Buena,No,8,Es una experiencia distinta y curiosa que recomendaría que experimentasen y vivieran por sí mismos.,Lo haría si es gratis,"Una vez he cruzado el portal y me he parado a observar mis manos y mi alrededor, me ha dado la sensación de estar metida en un videojuego algo que no me ha pasado mientras estaba en la parte del volcán.",
17/03/2022 12:47:48,30,C (DL- CHR),1-DL,0,Mujer,18,Ninguna,6,7. Muy convincente,5,5,6,2,7. Completamente,Buena,Buena,Aceptable,Aceptable,Mediocre,Un poco molestos,Molesto,6.,4. Neutro,1. Totalmente en desacuerdo,6.,7. Totalmente de acuerdo,2.,1. Totalmente en desacuerdo,6.,6.,5.,2.,7. Totalmente de acuerdo,0:23:00,0:39:00,0:46:00,Aceptable,Si,6,"El videojuego está bien hecho, y a mí me ha convencid bastante. Un poco corto el trayecto pero está bien",Lo haría si es gratis,,
17/03/2022 12:51:46,31,B (CHR - DL),1-CHR,0,Hombre,18,Ocasional,5,6,6,7. Continuamente,7. En menos de un minuto,6,7. Completamente,Buena,Excelente,Aceptable,Buena,Mediocre,Un poco molestos,Sin problemas,6.,1. Totalmente en desacuerdo,1. Totalmente en desacuerdo,7. Totalmente de acuerdo,7. Totalmente de acuerdo,1. Totalmente en desacuerdo,1. Totalmente en desacuerdo,7. Totalmente de acuerdo,7. Totalmente de acuerdo,7. Totalmente de acuerdo,1. Totalmente en desacuerdo,1. Totalmente en desacuerdo,0:12:00,0:24:00,0:33:00,Buena,No,10,"Me parece un proyecto bastante interesante a la par que divertido, está muy bien porque, para mí, se ha sabido captar la ambientación del volcán.",Pagaría 5 euros,"Está muy bien, aunque cuando hay que visualizar tu propio cuerpo, no está tan pulido, pero en sí, la experiencia es fantástica.",
17/03/2022 12:54:36,29,B (CHR - DL),2-DL,1,Mujer,18,Ninguna,6,6,4. Moderadamente consistentes,7. Continuamente,6,4. Razonablemente competente,6,Buena,Buena,Mediocre,Aceptable,Aceptable,No molestos,Sin problemas,5.,3.,1. Totalmente en desacuerdo,7. Totalmente de acuerdo,7. Totalmente de acuerdo,1. Totalmente en desacuerdo,1. Totalmente en desacuerdo,7. Totalmente de acuerdo,5.,6.,1. Totalmente en desacuerdo,5.,0:13:00,0:27:00,0:35:00,Buena,Si,8,Es interesante verte en una situación así y ver cómo reacciona tu cuerpo inconscientemente aunque tú sepas que no te va a pasar nada.,Lo haría si es gratis,"En esta segunda ronda he estado más metida dentro del experimento, de hecho ha habido un momento en el que he tenido que agarrarme porque sentía que realmente me iba a caer. Al principio de la segunda ronda ha habido un poco de retraso en el movimiento de mis manos, pero se ha arreglado en el mismo instante y ha empezado a verse bien. No he podido ver casi falsos positivos, lo que ha hecho la experiencia mucho más realista a mi parecer.",
17/03/2022 12:56:14,30,C (DL- CHR),2-CHR,0,Mujer,18,Ninguna,5,4. Moderadamente convincente,3,3,4. Lentamente,3,6,Mediocre,Mediocre,Aceptable,Aceptable,Mediocre,Muy molestos,Ligeros efectos,6.,2.,3.,6.,6.,3.,2.,5.,1. Totalmente en desacuerdo,5.,2.,7. Totalmente de acuerdo,0:13:00,0:27:00,0:34:00,Mediocre,Si,4,"La segunda vez que he probado el juego se veía peor, he visto muchas más partes de la clase,lo que ha hecho que me sienta más fuera del entorno del juego.",Lo haría si es gratis,"La experiencia ha estado bien, aunque he tenido vértigo",
17/03/2022 12:59:07,31,B (CHR - DL),2-DL,0,Hombre,18,Ocasional,7. Completamente natural,7. Muy convincente,5,7. Continuamente,7. En menos de un minuto,7. Muy competente,7. Completamente,Excelente,Excelente,Excelente,Excelente,Excelente,No perceptibles,Sin problemas,7. Totalmente de acuerdo,1. Totalmente en desacuerdo,1. Totalmente en desacuerdo,7. Totalmente de acuerdo,7. Totalmente de acuerdo,1. Totalmente en desacuerdo,1. Totalmente en desacuerdo,7. Totalmente de acuerdo,7. Totalmente de acuerdo,7. Totalmente de acuerdo,1. Totalmente en desacuerdo,1. Totalmente en desacuerdo,0:10:00,0:21:00,0:30:00,Buena,No,9,"Porque ha sido bastante realista. No ha habido ninguna complicación, además, los falsos positivos eran muy escasos comparada a la experiencia anterior y el avatar se veía bastante mejor que en la experiencia anterior, ha estado bastante bien.",Pagaría 10 euros o más,"Por mi parte, la experiencia ha sido bastante buena.",
17/03/2022 13:46:33,32,C (DL- CHR),1-DL,0,Mujer,63,Ninguna,7. Completamente natural,4. Moderadamente convincente,2,2,7. En menos de un minuto,4. Razonablemente competente,4. Algo,Buena,Mediocre,Buena,Aceptable,Aceptable,No molestos,Ligeros efectos,6.,1. Totalmente en desacuerdo,1. Totalmente en desacuerdo,2.,1. Totalmente en desacuerdo,4. Neutro,5.,6.,6.,4. Neutro,4. Neutro,7. Totalmente de acuerdo,0:17:00,0:31:00,0:39:00,Buena,Si,9,EXPERIENCIA NUEVA,Pagaría 5 euros,NO,
17/03/2022 14:01:22,32,C (DL- CHR),2-CHR,0,Mujer,63,Ninguna,5,4. Moderadamente convincente,4. Moderadamente consistentes,4. De algún modo,7. En menos de un minuto,6,6,Buena,Buena,Buena,Aceptable,Aceptable,Muy molestos,Ligeros efectos,4. Neutro,1. Totalmente en desacuerdo,1. Totalmente en desacuerdo,4. Neutro,2.,5.,4. Neutro,2.,6.,2.,1. Totalmente en desacuerdo,6.,0:12:00,0:23:00,0:30:00,Buena,Si,9,NUEVA Y DIVERTIDA,Pagaría 5 euros,AL FINAL DEL JUEGO VEÍA MUCHOS OBJETOS DE LA CLASE MÁS QUE EL PROPIO JUEGO,
17/03/2022 15:34:29,33,B (CHR - DL),1-CHR,1,Hombre,19,Ocasional,5,4. Moderadamente convincente,3,7. Continuamente,6,6,5,Mediocre,Aceptable,Buena,Excelente,Excelente,Molestos,Ligeros efectos,6.,2.,1. Totalmente en desacuerdo,7. Totalmente de acuerdo,7. Totalmente de acuerdo,4. Neutro,1. Totalmente en desacuerdo,7. Totalmente de acuerdo,6.,7. Totalmente de acuerdo,1. Totalmente en desacuerdo,3.,0:18:00,0:29:00,0:41:00,Buena,No,7,Porque me ha parecido interesante.,Pagaría 1 euro,El avatar estaba muy bien logrado,
17/03/2022 15:42:23,33,B (CHR - DL),2-DL,1,Hombre,19,Ocasional,5,4. Moderadamente convincente,5,5,6,5,5,Excelente,Buena,Mala,Mediocre,Mala,No molestos,Ligeros efectos,3.,2.,5.,2.,3.,2.,2.,2.,2.,6.,2.,6.,0:00:00,0:02:00,0:29:00,Buena,No,7,Interesante,Lo haría si es gratis,No.,
17/03/2022 16:03:30,34,C (DL- CHR),1-DL,1,Mujer,28,Ocasional,5,5,7. Muy consistentes,6,6,6,7. Completamente,Buena,Buena,Buena,Buena,Buena,Un poco molestos,Sin problemas,2.,6.,6.,1. Totalmente en desacuerdo,2.,6.,6.,2.,3.,1. Totalmente en desacuerdo,4. Neutro,2.,0:35:00,0:46:00,0:54:00,Buena,No,9,Resulta una experiencia interesante e inmersiva,Lo haría si es gratis,,
17/03/2022 16:05:51,35,B (CHR - DL),1-CHR,0,Hombre,27,Frecuente,7. Completamente natural,7. Muy convincente,7. Muy consistentes,1. Nada en absoluto,7. En menos de un minuto,7. Muy competente,7. Completamente,Buena,Buena,Buena,Excelente,Mediocre,No molestos,Sin problemas,5.,1. Totalmente en desacuerdo,1. Totalmente en desacuerdo,6.,6.,1. Totalmente en desacuerdo,1. Totalmente en desacuerdo,6.,5.,4. Neutro,3.,2.,0:12:00,0:23:00,0:31:00,Excelente,No,6,"Como experiencia es curiosa porque no usar mandos ayuda a la inmersión, pero más allá de caminar por las plataformas tampoco es muy divertido",Lo haría si es gratis,,
17/03/2022 16:10:09,34,C (DL- CHR),2-CHR,1,Mujer,28,Ocasional,6,6,6,6,7. En menos de un minuto,6,6,Buena,Buena,Aceptable,Buena,Aceptable,Molestos,Sin problemas,5.,5.,5.,3.,3.,5.,5.,5.,6.,5.,5.,2.,0:12:00,0:22:00,0:28:00,Buena,No,8,Resulta una experiencia curiosa y entretenida,Lo haría si es gratis,,
17/03/2022 16:15:26,35,B (CHR - DL),2-DL,0,Hombre,27,Frecuente,5,5,4. Moderadamente consistentes,4. De algún modo,6,4. Razonablemente competente,6,Buena,Buena,Mediocre,Mediocre,Mediocre,Molestos,Sin problemas,4. Neutro,1. Totalmente en desacuerdo,1. Totalmente en desacuerdo,3.,5.,3.,1. Totalmente en desacuerdo,5.,4. Neutro,5.,1. Totalmente en desacuerdo,2.,0:19:00,0:32:00,0:40:00,Aceptable,No,4,"Me ha parecido más ""bruta"" que la otra experiencia, para una persona no habituada a la VR recomendaría la otra, porque aunque esta muestra más parte del cuerpo (el reloj, los pantalones o las mangas) también se muestran más falsos positivos alrededor (y se ve parte del suelo).",Lo haría si es gratis,"La detección de objetos en la parte final es claramente mejor en esta experiencia que en la anterior. Durante la parte de ir marcando las plataformas con las manos en esta experiencia se veían más partes del propio cuerpo, pero el tracking se notaba más tosco y menos fluido.",
17/03/2022 16:23:51,36,C (DL- CHR),1-DL,1,Mujer,20,Ninguna,5,5,4. Moderadamente consistentes,7. Continuamente,7. En menos de un minuto,7. Muy competente,7. Completamente,Excelente,Buena,Buena,Buena,Excelente,Un poco molestos,Ligeros efectos,6.,2.,2.,6.,6.,6.,2.,6.,6.,5.,2.,4. Neutro,0:15:00,0:26:00,0:34:00,Excelente,Si,10,Me ha parecido bastante curioso y entretenido,Lo haría si es gratis,,
17/03/2022 16:27:07,37,B (CHR - DL),1-CHR,0,Mujer,19,Ocasional,5,4. Moderadamente convincente,6,5,7. En menos de un minuto,4. Razonablemente competente,7. Completamente,Excelente,Excelente,Aceptable,Aceptable,Mediocre,No molestos,Ligeros efectos,7. Totalmente de acuerdo,1. Totalmente en desacuerdo,1. Totalmente en desacuerdo,7. Totalmente de acuerdo,7. Totalmente de acuerdo,1. Totalmente en desacuerdo,1. Totalmente en desacuerdo,7. Totalmente de acuerdo,7. Totalmente de acuerdo,7. Totalmente de acuerdo,1. Totalmente en desacuerdo,7. Totalmente de acuerdo,0:24:00,0:36:00,0:44:00,Buena,Si,9,Me ha parecido muy entretenida y se me ha hecho muy corta,Pagaría 1 euro,,
17/03/2022 16:32:07,36,C (DL- CHR),2-CHR,1,Mujer,20,Ninguna,5,4. Moderadamente convincente,4. Moderadamente consistentes,7. Continuamente,7. En menos de un minuto,5,7. Completamente,Excelente,Excelente,Aceptable,Aceptable,Aceptable,Molestos,Sin problemas,2.,4. Neutro,2.,6.,6.,6.,1. Totalmente en desacuerdo,6.,6.,5.,7. Totalmente de acuerdo,2.,0:27:00,0:37:00,0:47:00,Excelente,Si,10,Me ha parecido muy curioso y entretenido,Lo haría si es gratis,,
17/03/2022 16:33:45,37,B (CHR - DL),2-DL,0,Mujer,19,Ocasional,7. Completamente natural,6,7. Muy consistentes,7. Continuamente,7. En menos de un minuto,7. Muy competente,7. Completamente,Inexistente,Inexistente,Inexistente,Inexistente,Inexistente,No molestos,Ligeros efectos,7. Totalmente de acuerdo,1. Totalmente en desacuerdo,1. Totalmente en desacuerdo,7. Totalmente de acuerdo,7. Totalmente de acuerdo,1. Totalmente en desacuerdo,1. Totalmente en desacuerdo,7. Totalmente de acuerdo,7. Totalmente de acuerdo,7. Totalmente de acuerdo,1. Totalmente en desacuerdo,7. Totalmente de acuerdo,0:14:00,0:25:00,0:33:00,Excelente,Si,10,Me ha parecido muy real y muy chula,Pagaría 1 euro,,
17/03/2022 16:41:00,39,B (CHR - DL),1-CHR,0,Mujer,18,Ninguna,2,5,5,5,5,3,6,Buena,Buena,Aceptable,Buena,Mediocre,No molestos,,2.,3.,,2.,3.,4. Neutro,4. Neutro,4. Neutro,3.,4. Neutro,4. Neutro,4. Neutro,0:13:00,0:25:00,0:34:00,Buena,No,9,es muy diferente,Pagaría 1 euro,,
17/03/2022 16:43:50,38,C (DL- CHR),1-DL,0,Mujer,18,Ninguna,7. Completamente natural,7. Muy convincente,7. Muy consistentes,7. Continuamente,7. En menos de un minuto,7. Muy competente,7. Completamente,Buena,Excelente,Buena,Buena,Buena,No molestos,Sin problemas,7. Totalmente de acuerdo,1. Totalmente en desacuerdo,1. Totalmente en desacuerdo,7. Totalmente de acuerdo,7. Totalmente de acuerdo,7. Totalmente de acuerdo,1. Totalmente en desacuerdo,7. Totalmente de acuerdo,7. Totalmente de acuerdo,7. Totalmente de acuerdo,1. Totalmente en desacuerdo,7. Totalmente de acuerdo,0:16:00,0:29:00,0:36:00,Excelente,No,10,Está muy conseguido y da la sensación de que estás ahí realmente,Pagaría 5 euros,,
17/03/2022 16:48:00,39,B (CHR - DL),2-DL,0,Mujer,18,Ninguna,5,5,5,4. De algún modo,7. En menos de un minuto,6,6,Buena,Buena,Excelente,Buena,Buena,No perceptibles,Ligeros efectos,6.,5.,4. Neutro,5.,6.,5.,5.,4. Neutro,5.,5.,6.,7. Totalmente de acuerdo,0:16:00,0:29:00,0:38:00,Excelente,No,10,,Pagaría 5 euros,,
17/03/2022 16:49:49,40,C (DL- CHR),1-DL,0,Mujer,20,Ocasional,7. Completamente natural,7. Muy convincente,7. Muy consistentes,5,2,6,6,Buena,Buena,Mediocre,Mediocre,Mediocre,Un poco molestos,Desagradable,6.,4. Neutro,1. Totalmente en desacuerdo,7. Totalmente de acuerdo,7. Totalmente de acuerdo,6.,1. Totalmente en desacuerdo,7. Totalmente de acuerdo,7. Totalmente de acuerdo,6.,1. Totalmente en desacuerdo,7. Totalmente de acuerdo,0:43:00,1:28:00,1:59:00,Buena,Si,10,es una experiencia muy real ,Lo haría si es gratis,he sentido mucho vértigo y miedo a caerme y no me atrevía a avanzar sin ayuda,
17/03/2022 16:52:24,38,C (DL- CHR),1-DL,0,Mujer,18,Ninguna,7. Completamente natural,7. Muy convincente,7. Muy consistentes,7. Continuamente,7. En menos de un minuto,7. Muy competente,7. Completamente,Excelente,Excelente,Buena,Buena,Buena,Un poco molestos,Sin problemas,7. Totalmente de acuerdo,1. Totalmente en desacuerdo,1. Totalmente en desacuerdo,7. Totalmente de acuerdo,7. Totalmente de acuerdo,7. Totalmente de acuerdo,7. Totalmente de acuerdo,7. Totalmente de acuerdo,7. Totalmente de acuerdo,7. Totalmente de acuerdo,3.,7. Totalmente de acuerdo,0:12:00,0:22:00,0:31:00,Excelente,No,10,A pesar de que es un juego te da la sensación de que te vas a caer ,Pagaría 5 euros,Me ha encantado la experiencia,
18/03/2022 10:21:46,41,C (DL- CHR),1-DL,1,Mujer,20,Ninguna,5,5,1. Nada consistentes,1. Nada en absoluto,7. En menos de un minuto,7. Muy competente,7. Completamente,Excelente,Excelente,Excelente,Excelente,Excelente,No molestos,Sin problemas,7. Totalmente de acuerdo,1. Totalmente en desacuerdo,1. Totalmente en desacuerdo,7. Totalmente de acuerdo,7. Totalmente de acuerdo,1. Totalmente en desacuerdo,1. Totalmente en desacuerdo,7. Totalmente de acuerdo,3.,7. Totalmente de acuerdo,1. Totalmente en desacuerdo,4. Neutro,0:31:00,0:47:00,0:54:00,Excelente,No,10,porque es algo innovador y que está bien probarlo al menos alguna vez.,Pagaría 5 euros,,
18/03/2022 10:24:03,42,B (CHR - DL),1-CHR,0,Mujer,21,Ninguna,6,6,7. Muy consistentes,3,4. Lentamente,3,5,Excelente,Excelente,Aceptable,Aceptable,Excelente,Un poco molestos,Ligeros efectos,6.,1. Totalmente en desacuerdo,3.,6.,6.,6.,3.,6.,6.,6.,6.,7. Totalmente de acuerdo,0:19:00,0:39:00,1:01:00,Excelente,Si,10,"Es muy interesante el hecho de que hayan creado este sistema de realidad virtual y sobre todo el tema de analizar los distintos tonos de piel para ver si salen en el juego, muy interesante en general y si era la primera vez que lo pruebas (en mi caso lo era) a pesar de que da mucha impresion merece la pena.",Pagaría 5 euros,"Enhorabuena por la experiencia, es un trabajazo de admirar.",
18/03/2022 10:25:15,43,C (DL- CHR),1-DL,1,Mujer,19,Ninguna,6,7. Muy convincente,6,3,5,5,7. Completamente,Excelente,Excelente,Buena,Buena,Buena,No perceptibles,Sin problemas,6.,2.,2.,6.,6.,4. Neutro,2.,5.,4. Neutro,4. Neutro,2.,7. Totalmente de acuerdo,0:21:00,0:38:00,0:51:00,Excelente,No,10,Una experiencia positiva para probarla y percibir como funciona la realidad virtual.,Pagaría 5 euros,"Experiencia positiva, que probaría también con otros escenarios.",
18/03/2022 10:29:12,41,C (DL- CHR),2-CHR,1,Mujer,20,Ninguna,5,5,2,1. Nada en absoluto,7. En menos de un minuto,7. Muy competente,7. Completamente,Excelente,Excelente,Excelente,Excelente,Excelente,Un poco molestos,Sin problemas,7. Totalmente de acuerdo,1. Totalmente en desacuerdo,1. Totalmente en desacuerdo,7. Totalmente de acuerdo,1. Totalmente en desacuerdo,1. Totalmente en desacuerdo,1. Totalmente en desacuerdo,7. Totalmente de acuerdo,1. Totalmente en desacuerdo,7. Totalmente de acuerdo,1. Totalmente en desacuerdo,,0:23:00,0:39:00,0:48:00,Excelente,No,10,me parece algo divertido y que mola probarlo alguna vez,Pagaría 5 euros,,
18/03/2022 10:34:33,42,B (CHR - DL),2-DL,0,Mujer,21,Ninguna,6,4. Moderadamente convincente,3,4. De algún modo,4. Lentamente,6,4. Algo,Excelente,Excelente,Aceptable,Aceptable,Excelente,Un poco molestos,Ligeros efectos,5.,1. Totalmente en desacuerdo,1. Totalmente en desacuerdo,6.,6.,6.,3.,6.,6.,6.,5.,7. Totalmente de acuerdo,0:12:00,0:33:00,0:53:00,Excelente,No,10,"Merece la pena probar esta experiencia, y más si es la primera vez que la vives (como es en mi caso).",Pagaría 5 euros,"Enhorabuena por la experiencia es super interesante como la habeis planteado y sobre todo muy curioso lo de las diferentes tonalidades de piel para ver si funcionaban en la experiencia, os ha quedado muy chula.",
18/03/2022 10:35:37,43,C (DL- CHR),2-CHR,1,Mujer,19,Ninguna,6,6,5,3,7. En menos de un minuto,7. Muy competente,7. Completamente,Excelente,Buena,Buena,Excelente,Excelente,No perceptibles,Sin problemas,6.,2.,1. Totalmente en desacuerdo,5.,6.,2.,1. Totalmente en desacuerdo,6.,4. Neutro,4. Neutro,1. Totalmente en desacuerdo,6.,0:14:00,0:33:00,0:42:00,Excelente,No,10,,Pagaría 5 euros,"La segunda vez que haces la experiencia, notas más el control del cuerpo y sientes que está más acostumbrado, por lo que vas más en modo automático.  ",
18/03/2022 10:37:18,44,B (CHR - DL),1-CHR,1,Mujer,20,Ninguna,5,4. Moderadamente convincente,4. Moderadamente consistentes,3,6,5,6,Aceptable,Aceptable,Buena,Excelente,Aceptable,Un poco molestos,Sin problemas,6.,3.,1. Totalmente en desacuerdo,7. Totalmente de acuerdo,7. Totalmente de acuerdo,3.,3.,7. Totalmente de acuerdo,7. Totalmente de acuerdo,7. Totalmente de acuerdo,2.,7. Totalmente de acuerdo,0:11:00,0:24:00,0:35:00,Buena,No,9,Porque es una experiencia interesante y que se sale de lo normal,Pagaría 1 euro,Muy amables los organizadores y te ayudan en lo que necesites,
18/03/2022 10:42:01,44,B (CHR - DL),2-DL,1,Mujer,20,Ninguna,6,7. Muy convincente,5,5,6,7. Muy competente,7. Completamente,Buena,Buena,Mediocre,Aceptable,Buena,No molestos,Sin problemas,5.,2.,2.,7. Totalmente de acuerdo,7. Totalmente de acuerdo,2.,2.,6.,6.,5.,2.,6.,0:14:00,0:24:00,0:38:00,Excelente,No,9,,Pagaría 1 euro,,
18/03/2022 11:06:30,46,B (CHR - DL),1-CHR,0,Hombre,21,Ocasional,6,6,7. Muy consistentes,4. De algún modo,7. En menos de un minuto,7. Muy competente,7. Completamente,Buena,Buena,Aceptable,Inexistente,Inexistente,Un poco molestos,Sin problemas,7. Totalmente de acuerdo,1. Totalmente en desacuerdo,1. Totalmente en desacuerdo,7. Totalmente de acuerdo,7. Totalmente de acuerdo,1. Totalmente en desacuerdo,1. Totalmente en desacuerdo,7. Totalmente de acuerdo,6.,7. Totalmente de acuerdo,1. Totalmente en desacuerdo,2.,0:14:00,0:28:00,0:37:00,Buena,No,10,"Me parece una experiencia muy interesante, con un movimiento muy fluido y realista",Pagaría 5 euros,,
18/03/2022 11:06:45,45,C (DL- CHR),1-DL,1,Hombre,21,Ocasional,6,4. Moderadamente convincente,6,7. Continuamente,6,7. Muy competente,5,Buena,Buena,Aceptable,Aceptable,Aceptable,No molestos,Ligeros efectos,7. Totalmente de acuerdo,1. Totalmente en desacuerdo,1. Totalmente en desacuerdo,6.,6.,2.,1. Totalmente en desacuerdo,5.,7. Totalmente de acuerdo,7. Totalmente de acuerdo,1. Totalmente en desacuerdo,4. Neutro,0:23:00,0:39:00,0:50:00,Buena,No,9,"Más allá de lo que supone un entorno de realidad virtual, el hecho de poder verte tal cual dentro del mundo virtual es muy satisfactorio. Reduce cualquier problema de mareo o ""despersonalización"" que pudiera sentir. Muy Spy Kids 3",Pagaría 5 euros,"Entiendo que esto son pruebas técnicas sobre esta tecnología y que, de contenido, por el momento va escaso (de ahí el precio por el que pagaría). Pero es prometedor.",
18/03/2022 11:07:45,47,C (DL- CHR),1-DL,0,Hombre,21,Frecuente,4. Neutro,6,5,3,7. En menos de un minuto,4. Razonablemente competente,7. Completamente,Excelente,Buena,Mediocre,Aceptable,Mediocre,No molestos,Ligeros efectos,7. Totalmente de acuerdo,1. Totalmente en desacuerdo,1. Totalmente en desacuerdo,7. Totalmente de acuerdo,7. Totalmente de acuerdo,1. Totalmente en desacuerdo,1. Totalmente en desacuerdo,7. Totalmente de acuerdo,6.,7. Totalmente de acuerdo,1. Totalmente en desacuerdo,7. Totalmente de acuerdo,0:11:00,0:26:00,0:36:00,Aceptable,No,8,es una experiencia novedosa digna de ser experimentada,Lo haría si es gratis,,
18/03/2022 11:21:17,46,B (CHR - DL),2-DL,0,Hombre,21,Ocasional,6,7. Muy convincente,7. Muy consistentes,4. De algún modo,7. En menos de un minuto,6,7. Completamente,Buena,Buena,Buena,Buena,Buena,Un poco molestos,Sin problemas,7. Totalmente de acuerdo,1. Totalmente en desacuerdo,1. Totalmente en desacuerdo,7. Totalmente de acuerdo,7. Totalmente de acuerdo,1. Totalmente en desacuerdo,1. Totalmente en desacuerdo,7. Totalmente de acuerdo,6.,7. Totalmente de acuerdo,1. Totalmente en desacuerdo,5.,0:12:00,0:25:00,0:33:00,Excelente,No,10,"Es una experiencia muy interesante, fluida y creo que es un gran avance en tracking para realidad virtual",Pagaría 5 euros,"Se veía parte de la habitación, pero mucho menos que en la prueba de los patucos. Las formas que se colaban de los falsos positivos no se distinguían como objetos, sino más bien manchas. Además, alrededor de mi cuerpo había un reborde blanco, pero no resultaba demasiado molesto.",
18/03/2022 11:23:35,47,C (DL- CHR),2-CHR,0,Hombre,21,Frecuente,4. Neutro,6,5,3,7. En menos de un minuto,5,7. Completamente,Buena,Excelente,Mediocre,Mala,Mala,Un poco molestos,Sin problemas,4. Neutro,2.,2.,6.,7. Totalmente de acuerdo,2.,2.,6.,3.,4. Neutro,5.,4. Neutro,0:16:00,0:31:00,0:39:00,Aceptable,No,9,,Lo haría si es gratis,"en esta experiencia, las manos se veian mas creible debido a que el recorte era mejor, sin embargo no era capaz de verme mi propia ropa y veia la mayoría de muebles de la clase",
18/03/2022 11:23:49,45,C (DL- CHR),2-CHR,1,Hombre,21,Ocasional,6,6,5,7. Continuamente,7. En menos de un minuto,4. Razonablemente competente,7. Completamente,Buena,Aceptable,Buena,Buena,Mala,Un poco molestos,Sin problemas,7. Totalmente de acuerdo,1. Totalmente en desacuerdo,1. Totalmente en desacuerdo,7. Totalmente de acuerdo,7. Totalmente de acuerdo,1. Totalmente en desacuerdo,1. Totalmente en desacuerdo,5.,7. Totalmente de acuerdo,7. Totalmente de acuerdo,6.,2.,0:20:00,0:37:00,0:48:00,Buena,No,9,Los mismos motivos que puse en el anterior cuestionario,Pagaría 5 euros,"A parte de lo que mencioné en el anterior cuestionario, en esta prueba sí que he visto más elementos del mundo real que en el anterior, además de que tanto las piernas como mi anillo gris no los veía o los veía mal. Añadir que ahora las plataformas eran más traicioneras (veía e intentaba pisar una plataforma en el mundo virtual que no estaba en el real, la posición de elementos interactuables no correspondían con su posición en el mundo real...)",
18/03/2022 11:37:33,48,B (CHR - DL),1-CHR,0,Hombre,29,Ocasional,5,5,5,4. De algún modo,7. En menos de un minuto,5,6,Excelente,Buena,Buena,Buena,Buena,Un poco molestos,Sin problemas,7. Totalmente de acuerdo,1. Totalmente en desacuerdo,1. Totalmente en desacuerdo,7. Totalmente de acuerdo,7. Totalmente de acuerdo,7. Totalmente de acuerdo,1. Totalmente en desacuerdo,7. Totalmente de acuerdo,1. Totalmente en desacuerdo,7. Totalmente de acuerdo,1. Totalmente en desacuerdo,3.,0:37:00,1:07:00,1:35:00,Buena,No,9,"Me ha gustado el escenario y parecia real la posibilidad de caerse, ha sido divertido",Pagaría 5 euros,,
18/03/2022 11:42:02,49,C (DL- CHR),1-DL,0,Mujer,47,Ocasional,5,4. Moderadamente convincente,2,5,5,4. Razonablemente competente,3,Buena,Excelente,Buena,Buena,Excelente,No molestos,Sin problemas,6.,1. Totalmente en desacuerdo,1. Totalmente en desacuerdo,5.,5.,6.,3.,7. Totalmente de acuerdo,2.,7. Totalmente de acuerdo,1. Totalmente en desacuerdo,6.,0:31:00,0:52:00,1:01:00,Buena,Si,8,,Lo haría si es gratis,,
18/03/2022 11:43:00,50,B (CHR - DL),1-CHR,1,Mujer,59,Ocasional,5,5,4. Moderadamente consistentes,5,6,6,4. Algo,Aceptable,Aceptable,Buena,Buena,Buena,No molestos,Sin problemas,7. Totalmente de acuerdo,1. Totalmente en desacuerdo,1. Totalmente en desacuerdo,5.,7. Totalmente de acuerdo,1. Totalmente en desacuerdo,1. Totalmente en desacuerdo,6.,6.,5.,1. Totalmente en desacuerdo,6.,0:24:00,0:42:00,0:52:00,Buena,No,9,"es muy especial, diferente",Lo haría si es gratis,,
18/03/2022 11:49:07,48,B (CHR - DL),2-DL,0,Hombre,29,Ocasional,6,6,6,5,7. En menos de un minuto,6,6,Excelente,Buena,Buena,Buena,Buena,No molestos,Sin problemas,7. Totalmente de acuerdo,1. Totalmente en desacuerdo,1. Totalmente en desacuerdo,7. Totalmente de acuerdo,7. Totalmente de acuerdo,7. Totalmente de acuerdo,1. Totalmente en desacuerdo,7. Totalmente de acuerdo,1. Totalmente en desacuerdo,7. Totalmente de acuerdo,1. Totalmente en desacuerdo,2.,0:26:00,0:48:00,1:10:00,Buena,No,9,,Pagaría 5 euros,"Me he dado cuenta esta vez que la primera ocasión no era mi cuerpo verdadero, me gustaba más la primera , cuando era un avatar",
18/03/2022 11:52:46,50,B (CHR - DL),2-DL,1,Mujer,59,Ocasional,6,7. Muy convincente,4. Moderadamente consistentes,6,6,6,5,Buena,Buena,Excelente,Excelente,Excelente,No molestos,Sin problemas,7. Totalmente de acuerdo,1. Totalmente en desacuerdo,1. Totalmente en desacuerdo,7. Totalmente de acuerdo,7. Totalmente de acuerdo,1. Totalmente en desacuerdo,1. Totalmente en desacuerdo,7. Totalmente de acuerdo,7. Totalmente de acuerdo,7. Totalmente de acuerdo,1. Totalmente en desacuerdo,7. Totalmente de acuerdo,0:12:00,0:29:00,0:40:00,Excelente,No,8,es muy divertido,Lo haría si es gratis,,
18/03/2022 11:52:59,49,C (DL- CHR),2-CHR,0,Mujer,47,Ocasional,4. Neutro,7. Muy convincente,4. Moderadamente consistentes,5,6,5,5,Buena,Buena,Aceptable,Buena,Mediocre,Molestos,Sin problemas,6.,6.,2.,6.,6.,7. Totalmente de acuerdo,3.,7. Totalmente de acuerdo,4. Neutro,3.,6.,7. Totalmente de acuerdo,0:13:00,0:34:00,0:47:00,Buena,Si,8,Es muy realista,Lo haría si es gratis,no soy muy de juegos digitales,
18/03/2022 12:25:08,51,A (VR - DL),VR,0,Mujer,19,Ninguna,7. Completamente natural,7. Muy convincente,6,7. Continuamente,7. En menos de un minuto,7. Muy competente,7. Completamente,Excelente,Excelente,Buena,Aceptable,Mala,No perceptibles,Sin problemas,7. Totalmente de acuerdo,1. Totalmente en desacuerdo,1. Totalmente en desacuerdo,7. Totalmente de acuerdo,7. Totalmente de acuerdo,4. Neutro,4. Neutro,7. Totalmente de acuerdo,7. Totalmente de acuerdo,5.,4. Neutro,5.,0:20:00,0:29:00,0:36:00,Excelente,No,10,Porque ha sido una nueva experiencia en la que sientes la sensación de estar realmente donde te muestran las gafas y es muy interesante y divertido a la vez.,Pagaría 5 euros,,
18/03/2022 12:28:51,52,A (VR - DL),VR,1,Mujer,19,Ninguna,4. Neutro,4. Moderadamente convincente,4. Moderadamente consistentes,3,5,3,7. Completamente,Buena,Aceptable,Mediocre,Aceptable,Inexistente,No perceptibles,Sin problemas,3.,3.,1. Totalmente en desacuerdo,4. Neutro,6.,1. Totalmente en desacuerdo,1. Totalmente en desacuerdo,1. Totalmente en desacuerdo,5.,3.,3.,7. Totalmente de acuerdo,0:19:00,0:36:00,0:44:00,Buena,No,8,Es una experiencia que si nunca has vivido es buena y además ayudas a mejorar un proyecto.,Pagaría 5 euros,,
18/03/2022 12:31:31,51,A (VR - DL),VR,0,Mujer,19,Ninguna,7. Completamente natural,7. Muy convincente,7. Muy consistentes,7. Continuamente,7. En menos de un minuto,7. Muy competente,7. Completamente,Excelente,Excelente,Excelente,Excelente,Excelente,No molestos,Sin problemas,7. Totalmente de acuerdo,1. Totalmente en desacuerdo,1. Totalmente en desacuerdo,7. Totalmente de acuerdo,7. Totalmente de acuerdo,7. Totalmente de acuerdo,1. Totalmente en desacuerdo,7. Totalmente de acuerdo,7. Totalmente de acuerdo,7. Totalmente de acuerdo,1. Totalmente en desacuerdo,7. Totalmente de acuerdo,0:20:00,0:29:00,0:36:00,Excelente,No,10,Porque sientes que te has transportado a esa escena completamente y es una sensación muy agradable,Pagaría 10 euros o más,,
18/03/2022 12:37:41,52,A (VR - DL),DL,1,Mujer,19,Ninguna,6,6,6,5,6,6,5,Excelente,Excelente,Buena,Buena,Buena,Un poco molestos,Sin problemas,7. Totalmente de acuerdo,2.,1. Totalmente en desacuerdo,7. Totalmente de acuerdo,6.,2.,1. Totalmente en desacuerdo,1. Totalmente en desacuerdo,7. Totalmente de acuerdo,7. Totalmente de acuerdo,1. Totalmente en desacuerdo,6.,0:12:00,0:23:00,0:32:00,Excelente,No,10,"Es una experiencia muy divertida en la que te puedes transportar a otro lugar, viendo como estas sobre un volcan, algo único.",Pagaría 5 euros,,
18/03/2022 12:54:55,53,C (DL- CHR),1-DL,0,Hombre,21,Ninguna,4. Neutro,5,4. Moderadamente consistentes,6,7. En menos de un minuto,6,6,Buena,Buena,Aceptable,Aceptable,Aceptable,Un poco molestos,Sin problemas,5.,1. Totalmente en desacuerdo,1. Totalmente en desacuerdo,5.,6.,1. Totalmente en desacuerdo,1. Totalmente en desacuerdo,6.,6.,,1. Totalmente en desacuerdo,4. Neutro,0:19:00,0:30:00,0:38:00,Buena,No,8,Eltraro ha sido muy bueno y la experiencia bastante recomendable,Pagaría 1 euro,Los falsos positivos detectaban en mayor parte colores carne como los de las mesas del aula. A parte se quedaba un marco al rededor de las partes de mi cuerpo por el cual se veia el entorno real,
18/03/2022 12:55:48,54,B (CHR - DL),1-CHR,1,Mujer,20,Ocasional,2,4. Moderadamente convincente,4. Moderadamente consistentes,5,7. En menos de un minuto,5,6,Buena,Aceptable,Mediocre,Aceptable,Mala,Un poco molestos,Ligeros efectos,7. Totalmente de acuerdo,1. Totalmente en desacuerdo,1. Totalmente en desacuerdo,7. Totalmente de acuerdo,7. Totalmente de acuerdo,3.,1. Totalmente en desacuerdo,7. Totalmente de acuerdo,7. Totalmente de acuerdo,7. Totalmente de acuerdo,1. Totalmente en desacuerdo,4. Neutro,0:19:00,0:32:00,0:42:00,Buena,No,10,"Me parece una forma muy entretenida y novedosa de vivir los videojuegos y a día de hoy no es alcanzable para todo el mundo, es una gran experiencia",Pagaría 5 euros,,
18/03/2022 12:59:50,55,C (DL- CHR),1-DL,0,Hombre,24,Ocasional,5,7. Muy convincente,6,6,7. En menos de un minuto,6,6,Aceptable,Buena,Excelente,Excelente,Excelente,No molestos,Sin problemas,7. Totalmente de acuerdo,1. Totalmente en desacuerdo,1. Totalmente en desacuerdo,7. Totalmente de acuerdo,7. Totalmente de acuerdo,1. Totalmente en desacuerdo,1. Totalmente en desacuerdo,6.,5.,7. Totalmente de acuerdo,1. Totalmente en desacuerdo,4. Neutro,0:14:00,0:29:00,0:38:00,Buena,No,9,"Es una experiencia interesante sentirse transportado a una situación virtual, que sabes que no es real, pero aun así consigue engañar parcialmente a tu cerebro.",Pagaría 1 euro,,
18/03/2022 13:03:11,54,B (CHR - DL),2-DL,1,Mujer,20,Ocasional,4. Neutro,5,4. Moderadamente consistentes,5,7. En menos de un minuto,7. Muy competente,7. Completamente,Aceptable,Aceptable,Mala,Mediocre,Mediocre,Un poco molestos,Sin problemas,7. Totalmente de acuerdo,1. Totalmente en desacuerdo,1. Totalmente en desacuerdo,7. Totalmente de acuerdo,7. Totalmente de acuerdo,4. Neutro,1. Totalmente en desacuerdo,7. Totalmente de acuerdo,7. Totalmente de acuerdo,7. Totalmente de acuerdo,1. Totalmente en desacuerdo,4. Neutro,0:15:00,0:27:00,0:36:00,Buena,No,10,,Pagaría 5 euros,,
18/03/2022 13:04:26,53,C (DL- CHR),2-CHR,0,Hombre,21,Ninguna,5,6,6,6,7. En menos de un minuto,7. Muy competente,7. Completamente,Buena,Buena,Buena,Excelente,Inexistente,Molestos,Sin problemas,5.,1. Totalmente en desacuerdo,1. Totalmente en desacuerdo,6.,6.,1. Totalmente en desacuerdo,1. Totalmente en desacuerdo,6.,6.,6.,3.,5.,0:09:00,0:19:00,0:26:00,Buena,No,8,,Pagaría 1 euro,"Respecto a la prueba anterior si que he notado que el contorno de los brazos era practicamente inexistente lo que es gratificante, pero en contra posicion los colores rosas de las calzas y la papelera se veian por encima del escenario.Tambien se colaban en pantalla en mayor medida los colores carne de las mesas y parte de las paredes. Mi ropa tanto camiseta como pantalones no eran identificados, sentia que estaban alli pero no se veian",
18/03/2022 13:14:57,55,C (DL- CHR),2-CHR,0,Hombre,24,Ocasional,7. Completamente natural,5,5,7. Continuamente,7. En menos de un minuto,7. Muy competente,7. Completamente,Aceptable,Excelente,Mediocre,Buena,Inexistente,Molestos,Sin problemas,6.,2.,2.,6.,6.,2.,1. Totalmente en desacuerdo,6.,6.,5.,2.,4. Neutro,0:15:00,0:29:00,0:41:00,Aceptable,No,6,"Sigue siendo interesante como experiencia virtual, pero es cierto que la credibilidad es menor al no representar el cuerpo por completo (no he podido verme las piernas)",Lo haría si es gratis,"A veces, la posición de las baldosas virtuales tiene un ligero desfase respecto a las reales, lo que saca un poco de la inmersión y hace que te preocupes por caerte en la realidad más que en la propia experiencia. También ha habido mucha más presencia de elementos externos a mi cuerpo en esta simulación (CHR) que en la anterior (DL). ",
18/03/2022 13:16:38,56,B (CHR - DL),1-CHR,0,Hombre,19,Ninguna,6,6,4. Moderadamente consistentes,6,7. En menos de un minuto,7. Muy competente,6,Buena,Buena,Buena,Buena,Inexistente,Un poco molestos,Sin problemas,7. Totalmente de acuerdo,2.,1. Totalmente en desacuerdo,7. Totalmente de acuerdo,7. Totalmente de acuerdo,4. Neutro,1. Totalmente en desacuerdo,7. Totalmente de acuerdo,5.,6.,2.,4. Neutro,0:09:00,0:21:00,0:29:00,Buena,Si,10,"Es muy interesante ver tu interaccion con el medio, y te da la sensacion de que estas ahi, sobretodo cuando pisas fuera",Lo haría si es gratis,"Se podria mejorar añadiendo algun sistema tipo lidar/ultrasonidos, para eliminar el fondo, ya que veo que elimina por colores, lo que creo que se podria complementar con una eliminacion por distancia al objeto, ya que tu cuerpo no va a estar a mas de X distancia de las gafas nunca. Buscando un sistema parecido al de la camara de profundidad de la Xbox 360 creo que era",
18/03/2022 13:23:28,57,C (DL- CHR),1-DL,,Hombre,18,Ocasional,7. Completamente natural,4. Moderadamente convincente,4. Moderadamente consistentes,5,3,4. Razonablemente competente,6,Buena,Aceptable,Aceptable,Excelente,Buena,Un poco molestos,Sin problemas,5.,3.,1. Totalmente en desacuerdo,7. Totalmente de acuerdo,7. Totalmente de acuerdo,5.,1. Totalmente en desacuerdo,6.,7. Totalmente de acuerdo,2.,3.,5.,0:14:00,0:32:00,0:47:00,Buena,No,8,"La experiencia aparenta menos de lo que realmente es, al sumergirte en la simulación impacta más.",Pagaría 5 euros,a veces cuando se hacían movimientos bruscos se podía llegar a ver objetos de la sala,
18/03/2022 13:25:17,58,B (CHR - DL),1-CHR,1,Hombre,18,Ninguna,3,5,3,4. De algún modo,6,4. Razonablemente competente,7. Completamente,Aceptable,Buena,Mediocre,Inexistente,Mala,Un poco molestos,Desagradable,5.,2.,4. Neutro,5.,6.,4. Neutro,2.,5.,5.,2.,5.,6.,0:17:00,0:30:00,0:41:00,Aceptable,No,7,Si nunca lo has probado resulta realmete curioso,Lo haría si es gratis,,
18/03/2022 13:27:24,56,B (CHR - DL),2-DL,0,Hombre,19,Ninguna,5,4. Moderadamente convincente,5,5,6,7. Muy competente,5,Excelente,Aceptable,Buena,Buena,Excelente,Un poco molestos,Sin problemas,7. Totalmente de acuerdo,1. Totalmente en desacuerdo,1. Totalmente en desacuerdo,7. Totalmente de acuerdo,7. Totalmente de acuerdo,5.,1. Totalmente en desacuerdo,6.,7. Totalmente de acuerdo,6.,1. Totalmente en desacuerdo,7. Totalmente de acuerdo,0:11:00,0:19:00,0:26:00,Buena,Si,10,,Lo haría si es gratis,"El sistema de borrado del entorno, tiene sus ventajas porque esta vez borra mejor al reconocer los objetos más proximos, el problema es que a veces borra partes de tu cuerpo o el recorte es bastante agresivo, pero en general es mejor recorte",
18/03/2022 13:34:31,57,C (DL- CHR),2-CHR,,Hombre,18,Ocasional,7. Completamente natural,4. Moderadamente convincente,7. Muy consistentes,7. Continuamente,6,7. Muy competente,7. Completamente,Excelente,Aceptable,Aceptable,Excelente,Mala,Molestos,Sin problemas,5.,4. Neutro,1. Totalmente en desacuerdo,5.,7. Totalmente de acuerdo,7. Totalmente de acuerdo,1. Totalmente en desacuerdo,6.,6.,4. Neutro,7. Totalmente de acuerdo,6.,0:15:00,0:29:00,0:40:00,Buena,No,8,"La percepción de la simulación desde la parte del espectador es totalmente neutra y fría, sin embargo cuando estas en la simulación, da la sensación de tele transportarte y sentir hasta vértigo a pesar de saber que no habría necesidad de sentirlo. ",Pagaría 5 euros,,
18/03/2022 13:34:33,58,B (CHR - DL),2-DL,1,Hombre,18,Ninguna,6,5,5,5,7. En menos de un minuto,6,6,Excelente,Buena,Buena,Buena,Buena,No molestos,Ligeros efectos,6.,4. Neutro,2.,5.,,2.,2.,4. Neutro,6.,2.,1. Totalmente en desacuerdo,2.,0:13:00,0:26:00,0:36:00,Buena,No,9,Es realmente inmersivo,Lo haría si es gratis,,
21/04/2022 12:20:47,59,B (CHR - DL),1-CHR,,Hombre,44,Ninguna,6,6,5,4. De algún modo,7. En menos de un minuto,7. Muy competente,7. Completamente,Aceptable,Aceptable,Inexistente,Aceptable,Mediocre,No perceptibles,Sin problemas,5.,1. Totalmente en desacuerdo,1. Totalmente en desacuerdo,7. Totalmente de acuerdo,7. Totalmente de acuerdo,7. Totalmente de acuerdo,1. Totalmente en desacuerdo,7. Totalmente de acuerdo,4. Neutro,1. Totalmente en desacuerdo,1. Totalmente en desacuerdo,6.,0:08:00,0:24:00,0:30:00,Buena,No,10,"Es una experiencia digna de vivirse, aunque puede ser mejorable creo que es bonita experiencia",Pagaría 1 euro,Dan ganas de interactuar con el entorno más allá de las reglas establecidas.,
21/04/2022 12:27:28,60,C (DL- CHR),1-DL,,Mujer,39,Ninguna,4. Neutro,3,2,4. De algún modo,3,3,3,Aceptable,Inexistente,Mediocre,Aceptable,Aceptable,No perceptibles,Sin problemas,4. Neutro,3.,1. Totalmente en desacuerdo,7. Totalmente de acuerdo,6.,6.,2.,5.,4. Neutro,4. Neutro,3.,7. Totalmente de acuerdo,0:24:00,0:44:00,0:51:00,Excelente,Si,10,porque es algo distinto a lo que se puede hacer en la vida normal.,Pagaría 5 euros,,
21/04/2022 12:34:27,61,C (DL- CHR),1-DL,,Hombre,21,Ocasional,5,6,6,2,6,5,6,Buena,Buena,Aceptable,Buena,Mediocre,No molestos,Sin problemas,7. Totalmente de acuerdo,1. Totalmente en desacuerdo,1. Totalmente en desacuerdo,7. Totalmente de acuerdo,7. Totalmente de acuerdo,1. Totalmente en desacuerdo,1. Totalmente en desacuerdo,7. Totalmente de acuerdo,5.,7. Totalmente de acuerdo,1. Totalmente en desacuerdo,7. Totalmente de acuerdo,0:16:00,0:35:00,0:46:00,Excelente,No,8,fue una experiencia bastante real a mi punto de vista. a veces había fallos en mi cuerpo (desaparecían partes) pero no eran muy notables. ,Lo haría si es gratis,"Si fuese mas completa y mas larga la simulación, corrigiendo los errores del cuerpo, sí estaria dispuesto a pagar 10 euros o más.",
21/04/2022 12:35:47,59,B (CHR - DL),2-DL,,Hombre,44,Ninguna,6,6,7. Muy consistentes,7. Continuamente,7. En menos de un minuto,7. Muy competente,7. Completamente,Buena,Buena,Buena,Aceptable,Aceptable,No perceptibles,Sin problemas,7. Totalmente de acuerdo,1. Totalmente en desacuerdo,1. Totalmente en desacuerdo,7. Totalmente de acuerdo,7. Totalmente de acuerdo,4. Neutro,1. Totalmente en desacuerdo,7. Totalmente de acuerdo,7. Totalmente de acuerdo,7. Totalmente de acuerdo,1. Totalmente en desacuerdo,5.,0:13:00,0:26:00,0:35:00,Buena,No,10,"Es una experiencia que nunca había vivido y es muy agradable, da una idea de lo que pueden ser los juegos y entornos del futuro.",Pagaría 1 euro,Ojalá se pudiera interactuar más.,
21/04/2022 12:40:47,60,C (DL- CHR),2-CHR,,Mujer,39,Ninguna,4. Neutro,3,1. Nada consistentes,1. Nada en absoluto,5,4. Razonablemente competente,4. Algo,Aceptable,Inexistente,Mediocre,Inexistente,Inexistente,No molestos,Sin problemas,5.,5.,4. Neutro,6.,6.,4. Neutro,2.,6.,4. Neutro,2.,7. Totalmente de acuerdo,4. Neutro,0:18:00,0:33:00,0:40:00,Excelente,No,10,es una experiencia fuera de lo común que una persona puede hacer en su vida,Pagaría 5 euros,,
21/04/2022 12:45:45,62,B (CHR - DL),1-CHR,,Mujer,20,Ninguna,6,6,6,5,7. En menos de un minuto,7. Muy competente,7. Completamente,Excelente,Buena,Buena,Buena,Aceptable,No molestos,Ligeros efectos,7. Totalmente de acuerdo,1. Totalmente en desacuerdo,1. Totalmente en desacuerdo,6.,7. Totalmente de acuerdo,4. Neutro,2.,5.,5.,7. Totalmente de acuerdo,1. Totalmente en desacuerdo,1. Totalmente en desacuerdo,0:12:00,0:25:00,0:33:00,Buena,No,9,Es una experiencia que te hace sentir diferente a la mayoria de videojuegos convencionales,Pagaría 5 euros,"Parte del pantalón (los pliegues) aparecían en negro, no se veían ",
21/04/2022 12:55:09,61,C (DL- CHR),2-CHR,,Hombre,21,Ocasional,5,6,7. Muy consistentes,1. Nada en absoluto,5,6,6,Excelente,Excelente,Mediocre,Aceptable,Buena,No perceptibles,Sin problemas,7. Totalmente de acuerdo,1. Totalmente en desacuerdo,1. Totalmente en desacuerdo,7. Totalmente de acuerdo,7. Totalmente de acuerdo,1. Totalmente en desacuerdo,1. Totalmente en desacuerdo,7. Totalmente de acuerdo,7. Totalmente de acuerdo,7. Totalmente de acuerdo,4. Neutro,7. Totalmente de acuerdo,0:18:00,0:32:00,0:41:00,Buena,No,7,una experiencia bastante real.,Lo haría si es gratis,"En comparación con el anterior, este no tenía fallos en el entorno y no se mezclaba con el exterior, sin embargo, en el anterior estaba más logrado el avatar mientras que en este había bastantes fallos, no veía mi torso ni mi reloj. (No captaba colores negros)",
21/04/2022 13:06:47,62,B (CHR - DL),2-DL,,Mujer,20,Ninguna,6,6,6,6,7. En menos de un minuto,7. Muy competente,7. Completamente,Excelente,Buena,Excelente,Excelente,Excelente,No perceptibles,Sin problemas,7. Totalmente de acuerdo,1. Totalmente en desacuerdo,1. Totalmente en desacuerdo,7. Totalmente de acuerdo,7. Totalmente de acuerdo,2.,1. Totalmente en desacuerdo,6.,6.,7. Totalmente de acuerdo,1. Totalmente en desacuerdo,1. Totalmente en desacuerdo,0:12:00,0:24:00,0:32:00,Excelente,No,9,Es una buena experiencia diferente a las habituales,Pagaría 5 euros,,Se ha debido reiniciar el sistema porque dejó de funcionar